transaction_id,amount_eur,customer_avg_amount_30d,account_age_days,previous_transactions_24h,channel,country,hour,fraud_flag,post_investigation_loss_eur,days_to_departure,refund_after_trip_eur
T6000000,,43.58,1357,4,ONLINE,FR,16,0,0.0,73,0
T6000001,17.82,43.8,1983,15,POS,FR,9,0,0.0,46,0
T6000002,143.45,31.24,612,12,Online,DE,9,0,0.0,5,0
T6000003,47.77,17.09,194,15,online,FR,9,0,0.0,167,0
T6000004,20.9,14.42,1622,5,Mobile,NL,13,0,0.0,199,0
T6000005,16.86,81.51,1465,13,POS,NL,5,0,0.0,54,0
T6000006,69.22,37.52,2005,5,online,FR,10,0,0.0,29,0
T6000007,9.87,90.41,957,11,Mobile,BE,17,0,0.0,83,0
T6000008,26.75,31.63,740,22,Mobile,DE,6,0,0.0,104,0
T6000009,98.12,39.67,1598,18,online,DE,9,0,0.0,151,0
T6000010,71.81,28.7,1655,22,Mobile,BE,22,0,0.0,41,0
T6000011,373.3,14.98,877,9,Mobile,DE,0,0,0.0,145,0
T6000012,137.26,25.72,1706,0,Mobile,BE,18,0,0.0,113,0
T6000013,16.22,16.68,1616,13,Online,FR,12,0,0.0,114,0
T6000014,98.23,22.97,2030,16,Online,FR,3,0,0.0,152,0
T6000015,27.77,25.57,503,5,Online,FR,4,0,0.0,56,0
T6000016,91.27,43.59,344,7,Mobile,DE,15,0,0.0,199,0
T6000017,65.41,13.48,1177,5,Mobile,BE,9,0,0.0,86,0
T6000018,12.21,49.97,914,12,Mobile,BE,13,0,0.0,169,0
T6000019,29.27,64.55,1114,0,POS,DE,7,0,0.0,144,0
T6000020,67.91,12.95,744,5,online,FR,3,0,0.0,45,0
T6000021,88.16,99.73,2058,13,Online,NL,5,0,0.0,84,0
T6000022,65.57,41.51,135,9,online,FR,0,0,0.0,15,0
T6000023,34.08,75.45,421,1,POS,BE,5,0,0.0,92,0
T6000024,90.35,20.24,763,13,POS,DE,16,0,0.0,47,0
T6000025,26.93,25.53,1851,7,online,DE,6,0,0.0,116,13.46
T6000026,9.33,133.3,1418,10,Mobile,DE,20,0,0.0,138,0
T6000027,6.51,43.07,1424,9,POS,DE,10,0,0.0,208,0
T6000028,29.7,50.73,799,3,online,FR,7,0,0.0,15,0
T6000029,59.7,24.98,320,15,Mobile,BE,13,0,0.0,194,0
T6000030,47.52,66.17,1151,8,Online,FR,14,0,0.0,193,0
T6000031,47.35,28.85,621,20,online,DE,7,0,0.0,67,0
T6000032,57.5,6.86,1886,1,POS,NL,17,0,0.0,65,0
T6000033,24.76,21.08,1900,23,online,NL,11,0,0.0,148,0
T6000034,58.53,32.57,465,16,Online,NL,18,0,0.0,136,0
T6000035,58.1,39.95,1291,8,online,NL,20,0,0.0,172,0
T6000036,26.27,17.56,716,19,online,BE,9,0,0.0,6,0
T6000037,46.16,36.16,935,3,Online,FR,13,0,0.0,156,0
T6000038,33.81,46.52,802,16,Mobile,FR,0,0,0.0,186,0
T6000039,124.48,9.72,237,14,Online,FR,11,0,0.0,189,0
T6000040,36.82,50.84,867,3,POS,FR,22,0,0.0,203,0
T6000041,38.64,25.51,2030,16,Mobile,NL,20,0,0.0,160,0
T6000042,11.86,36.12,403,16,online,NL,1,0,0.0,126,0
T6000043,25.49,57.48,1097,20,Online,BE,17,0,0.0,48,12.74
T6000044,12.89,27.02,606,9,online,NL,2,0,0.0,58,6.45
T6000045,44.95,33.23,295,13,online,DE,9,0,0.0,191,0
T6000046,37.29,37.52,1646,8,online,DE,2,0,0.0,135,0
T6000047,61.69,36.9,879,20,Online,NL,0,0,0.0,152,0
T6000048,99.77,53.6,1600,2,online,DE,5,0,0.0,188,0
T6000049,23.27,40.51,1420,5,POS,FR,23,0,0.0,88,0
T6000050,66.99,12.16,941,6,Mobile,BE,20,0,0.0,159,0
T6000051,14.73,21.09,1054,12,online,DE,6,0,0.0,163,0
T6000052,122.3,32.12,2068,16,Mobile,BE,22,0,0.0,160,0
T6000053,74.1,26.94,1377,10,online,FR,23,0,0.0,140,0
T6000054,188.76,51.82,379,15,online,DE,1,1,146.78,26,0
T6000055,54.88,95.93,1531,8,Mobile,DE,13,0,0.0,104,0
T6000055,54.88,95.93,1531,8,Mobile,DE,13,0,0.0,104,0
T6000056,119.35,49.18,793,14,online,NL,12,0,0.0,53,0
T6000057,26.74,46.25,464,8,POS,NL,17,0,0.0,148,0
T6000058,63.15,22.32,1516,6,POS,NL,4,0,0.0,20,0
T6000059,142.17,19.67,1540,8,POS,DE,9,0,0.0,34,0
T6000060,5.34,66.11,1444,3,online,FR,17,0,0.0,1,0
T6000061,60.9,50.1,1028,18,POS,BE,10,0,0.0,56,0
T6000062,33.66,35.38,1763,9,Mobile,NL,16,0,0.0,145,0
T6000063,18.86,35.61,2034,18,Mobile,BE,7,0,0.0,160,0
T6000064,22.24,71.88,680,5,POS,FR,7,0,0.0,173,0
T6000065,56.44,26.42,1729,15,Online,DE,15,0,0.0,209,0
T6000066,61.64,43.68,2082,21,POS,FR,20,0,0.0,106,0
T6000067,57.24,33.99,18,6,Mobile,NL,7,0,0.0,160,0
T6000068,60.48,18.19,646,11,Online,FR,17,0,0.0,101,0
T6000069,48.36,19.96,822,6,Online,NL,19,0,0.0,174,0
T6000070,80.66,53.92,777,10,Online,DE,6,0,0.0,98,0
T6000071,201.1,26.23,1903,6,online,BE,6,0,0.0,155,0
T6000072,27.2,27.02,1880,21,POS,BE,4,0,0.0,201,0
T6000073,97.96,113.22,1658,13,POS,DE,9,0,0.0,93,0
T6000074,84.45,52.7,1233,7,POS,DE,5,0,0.0,38,0
T6000075,24.99,58.18,869,2,online,DE,16,0,0.0,166,0
T6000076,20.49,31.23,2006,7,Mobile,FR,12,0,0.0,106,0
T6000077,44.67,57.86,1716,7,POS,BE,22,0,0.0,95,0
T6000078,50.54,39.37,1796,15,Mobile,NL,11,0,0.0,50,0
T6000079,157.2,44.18,773,12,online,NL,8,1,119.45,205,0
T6000080,70.32,38.4,997,22,POS,DE,10,0,0.0,48,0
T6000081,69.64,51.02,430,14,online,NL,2,0,0.0,129,0
T6000082,255.41,44.63,451,13,Online,BE,18,0,0.0,145,0
T6000083,50.66,32.03,339,3,online,BE,14,0,0.0,16,0
T6000084,84.81,23.18,1962,3,POS,BE,13,0,0.0,178,42.41
T6000085,61.68,29.54,165,20,online,NL,6,0,0.0,83,0
T6000086,75.66,86.57,1076,12,online,BE,23,0,0.0,132,37.83
T6000087,74.47,72.24,2119,13,online,FR,16,1,67.7,156,0
T6000088,28.67,38.1,660,10,POS,DE,20,0,0.0,151,0
T6000089,15.56,51.26,66,8,online,DE,11,0,0.0,121,0
T6000090,35.69,31.75,2091,14,Mobile,BE,2,0,0.0,54,17.84
T6000091,6.79,25.65,2000,16,POS,BE,8,0,0.0,115,0
T6000092,27.26,27.9,1212,22,POS,BE,21,0,0.0,98,0
T6000093,150.48,46.07,737,13,online,NL,2,0,0.0,7,0
T6000094,54.49,30.71,1755,11,Online,FR,21,0,0.0,4,27.25
T6000095,54.0,15.21,250,20,Mobile,BE,16,0,0.0,73,27.0
T6000096,20.83,67.81,1053,16,POS,DE,1,0,0.0,134,0
T6000097,34.79,40.48,1180,18,Mobile,NL,10,0,0.0,99,0
T6000098,41.97,32.81,115,3,Online,DE,10,0,0.0,141,0
T6000099,73.92,17.17,227,20,Online,BE,0,0,0.0,17,0
T6000100,17.21,24.7,1707,8,Online,DE,23,0,0.0,135,0
T6000101,7.95,68.73,112,8,Online,NL,19,0,0.0,206,0
T6000102,26.16,44.97,1679,8,Online,FR,1,0,0.0,127,0
T6000103,48.53,34.22,389,5,online,NL,20,0,0.0,47,0
T6000104,6.17,25.89,462,2,POS,FR,1,0,0.0,85,0
T6000105,26.29,42.85,85,17,Mobile,DE,5,0,0.0,159,0
T6000106,341.38,9.81,254,13,online,NL,16,0,0.0,52,0
T6000107,13.2,60.03,1027,15,POS,NL,7,0,0.0,5,0
T6000108,87.52,16.94,1043,1,POS,FR,18,1,67.5,61,0
T6000109,202.15,20.84,757,3,online,FR,1,0,0.0,40,0
T6000110,14.16,25.01,101,9,Online,BE,4,0,0.0,18,0
T6000111,11.07,15.49,952,13,Mobile,NL,15,0,0.0,97,0
T6000112,14.54,32.62,1730,22,POS,DE,13,0,0.0,25,0
T6000113,123.97,57.19,219,11,online,NL,14,0,0.0,126,0
T6000114,163.42,17.13,1600,20,online,BE,0,0,0.0,46,0
T6000115,250.8,25.75,1680,14,Mobile,DE,9,0,0.0,117,0
T6000116,24.89,65.68,2008,21,Online,DE,11,0,0.0,107,0
T6000117,249.15,37.46,53,20,Online,NL,0,0,0.0,151,0
T6000118,58.92,19.61,2126,23,Online,DE,17,0,0.0,163,0
T6000119,91.22,24.78,1325,3,online,NL,8,0,0.0,11,0
T6000120,62.65,31.0,2122,0,online,DE,15,0,0.0,144,0
T6000121,250.72,22.1,471,21,Online,NL,14,0,0.0,4,0
T6000122,43.21,54.09,147,13,Mobile,FR,0,0,0.0,100,0
T6000123,118.69,49.63,1593,23,Mobile,FR,6,0,0.0,202,0
T6000124,19.02,53.14,1650,23,Mobile,NL,2,0,0.0,18,0
T6000125,85.32,33.44,2055,0,POS,DE,10,0,0.0,71,0
T6000126,221.66,30.23,270,11,online,DE,5,0,0.0,175,0
T6000127,43.34,41.32,1132,18,POS,DE,23,0,0.0,152,0
T6000128,27.4,98.37,1692,1,Online,DE,21,0,0.0,150,0
T6000129,120.4,18.4,106,8,online,NL,20,0,0.0,84,0
T6000130,40.14,24.17,109,19,Mobile,NL,10,0,0.0,145,0
T6000131,256.82,20.3,1778,13,online,DE,17,0,0.0,153,0
T6000132,27.68,31.25,2198,22,Mobile,BE,21,0,0.0,35,0
T6000133,155.16,49.41,2009,1,POS,DE,3,0,0.0,52,0
T6000134,107.53,9.94,185,7,Online,DE,11,0,0.0,65,0
T6000135,60.96,25.59,235,5,Online,DE,12,0,0.0,15,0
T6000136,57.17,20.97,1135,0,POS,NL,15,0,0.0,176,0
T6000137,215.13,25.99,955,0,POS,BE,8,0,0.0,47,0
T6000138,36.48,14.23,399,8,Mobile,BE,11,0,0.0,136,0
T6000139,278.89,56.17,271,11,Mobile,DE,9,0,0.0,55,0
T6000140,27.58,28.41,864,13,Mobile,DE,14,0,0.0,73,13.79
T6000141,227.01,32.9,167,15,Online,NL,20,0,0.0,156,0
T6000142,66.62,19.95,1357,8,online,BE,16,0,0.0,5,0
T6000143,32.8,47.5,1885,9,Mobile,BE,2,0,0.0,120,0
T6000144,66.34,43.85,980,17,Mobile,NL,13,0,0.0,175,0
T6000145,30.48,20.04,1661,21,Online,BE,3,0,0.0,191,0
T6000146,64.19,29.48,1290,15,Mobile,NL,5,0,0.0,65,0
T6000147,160.86,107.17,93,2,Mobile,DE,16,0,0.0,83,0
T6000148,41.07,18.69,53,20,online,DE,12,0,0.0,5,0
T6000149,63.73,40.26,1064,11,Mobile,BE,20,0,0.0,13,31.86
T6000150,133.87,21.82,843,14,Mobile,DE,6,0,0.0,173,0
T6000151,28.61,57.6,1797,13,POS,BE,19,0,0.0,153,0
T6000152,17.84,67.12,642,19,Online,DE,14,0,0.0,20,8.92
T6000153,45.34,28.44,584,4,Mobile,DE,20,0,0.0,153,0
T6000154,66.64,34.97,1398,6,POS,FR,8,0,0.0,201,0
T6000155,156.29,52.99,126,4,online,DE,0,0,0.0,172,0
T6000156,65.62,35.21,674,14,POS,FR,8,0,0.0,107,0
T6000157,18.31,56.61,1337,22,online,FR,9,0,0.0,140,0
T6000158,9.81,20.03,388,20,online,NL,17,0,0.0,65,0
T6000159,70.7,40.95,344,8,POS,BE,5,0,0.0,147,0
T6000160,32.57,40.82,124,18,Online,BE,8,0,0.0,59,16.29
T6000161,99.8,35.48,916,1,POS,DE,0,0,0.0,71,49.9
T6000162,48.91,16.71,965,17,POS,BE,5,0,0.0,41,0
T6000163,15.32,61.26,538,1,POS,DE,1,0,0.0,190,0
T6000164,88.91,20.9,167,13,Online,FR,18,0,0.0,91,0
T6000165,63.35,29.71,2053,9,online,DE,14,0,0.0,130,0
T6000166,12.31,39.09,1733,23,POS,FR,23,0,0.0,167,0
T6000167,84.21,58.21,948,15,Mobile,FR,7,0,0.0,79,0
T6000168,27.02,38.96,1515,5,Online,BE,15,0,0.0,181,0
T6000169,47.1,12.22,775,18,Mobile,BE,2,0,0.0,33,0
T6000170,21.87,20.3,1354,0,POS,FR,16,0,0.0,37,0
T6000171,131.47,24.6,566,2,POS,DE,9,0,0.0,130,0
T6000172,6.47,74.18,1969,5,Mobile,NL,18,0,0.0,25,0
T6000173,120.68,75.68,1463,9,online,DE,8,0,0.0,50,0
T6000174,38.13,69.91,990,8,POS,BE,15,0,0.0,91,19.07
T6000175,49.89,43.64,923,16,online,DE,23,0,0.0,134,0
T6000176,29.6,29.76,190,5,Mobile,BE,12,0,0.0,92,0
T6000177,44.5,34.67,884,14,online,DE,18,0,0.0,86,0
T6000178,34.52,71.23,1088,8,Mobile,DE,17,0,0.0,62,0
T6000179,12.83,21.77,1570,22,Online,NL,8,0,0.0,138,0
T6000180,83.16,20.21,1344,19,Online,DE,10,0,0.0,172,0
T6000181,27.88,28.33,1141,10,POS,BE,17,0,0.0,135,0
T6000182,24.19,35.01,93,14,Mobile,BE,1,0,0.0,123,0
T6000183,33.31,13.81,924,6,POS,NL,11,0,0.0,163,16.66
T6000184,59.69,61.29,1125,22,Online,DE,13,0,0.0,159,0
T6000185,60.63,40.4,1206,5,Mobile,DE,3,0,0.0,126,0
T6000186,124.3,15.62,1804,16,Mobile,BE,11,0,0.0,167,0
T6000187,10.73,50.76,1567,6,Mobile,NL,18,0,0.0,130,0
T6000188,29.7,16.42,959,17,POS,DE,0,0,0.0,40,0
T6000189,41.4,12.19,707,19,Online,BE,18,0,0.0,154,0
T6000190,122.26,46.89,252,0,Mobile,NL,23,0,0.0,24,61.13
T6000191,13.46,33.29,107,10,Online,BE,6,0,0.0,192,0
T6000192,89.95,35.57,1856,18,POS,NL,10,0,0.0,48,0
T6000193,92.52,23.15,1642,13,Online,FR,8,0,0.0,126,0
T6000194,88.15,44.41,1409,8,online,FR,22,0,0.0,120,0
T6000195,77.3,12.84,2062,10,Online,DE,4,0,0.0,26,38.65
T6000196,38.01,60.96,565,3,POS,BE,6,0,0.0,134,0
T6000197,98.58,35.11,1565,0,online,NL,6,0,0.0,144,0
T6000198,63.06,47.81,1091,11,Online,BE,5,0,0.0,76,31.53
T6000199,19.56,77.86,556,5,Mobile,BE,23,0,0.0,99,0
T6000200,22.45,25.53,819,3,Mobile,DE,22,0,0.0,91,0
T6000201,5.72,29.27,647,0,online,DE,9,0,0.0,146,0
T6000202,201.92,37.4,1224,13,Mobile,FR,1,0,0.0,19,0
T6000203,17.59,28.3,1918,3,POS,NL,6,0,0.0,49,0
T6000204,32.07,35.54,1944,21,Online,FR,14,0,0.0,9,0
T6000205,75.0,23.83,1367,21,Online,BE,12,0,0.0,117,0
T6000206,33.38,62.12,1273,7,Mobile,BE,11,0,0.0,172,0
T6000207,29.59,11.84,727,20,online,DE,8,0,0.0,111,0
T6000208,11.83,36.69,1220,5,Mobile,DE,4,0,0.0,176,0
T6000209,27.79,32.3,144,14,POS,FR,17,0,0.0,126,0
T6000210,31.27,29.12,131,10,Online,BE,6,0,0.0,73,0
T6000211,38.32,44.3,59,16,Mobile,NL,3,0,0.0,16,19.16
T6000212,42.98,18.53,1852,16,Online,NL,5,0,0.0,31,0
T6000213,63.48,21.36,1954,11,POS,FR,14,0,0.0,195,31.74
T6000214,16.0,44.09,1488,13,Mobile,FR,3,0,0.0,29,0
T6000215,20.83,21.15,1238,15,Online,BE,13,0,0.0,17,0
T6000216,80.61,41.94,1561,3,Mobile,FR,5,0,0.0,147,0
T6000217,14.05,76.56,639,1,Mobile,DE,0,0,0.0,76,0
T6000218,56.43,29.85,31,21,online,FR,20,0,0.0,100,0
T6000219,61.4,27.07,578,21,Online,NL,13,0,0.0,71,0
T6000220,27.42,30.57,685,4,Online,NL,14,0,0.0,131,0
T6000221,155.4,134.99,1483,10,online,BE,8,0,0.0,140,0
T6000222,157.43,12.89,992,8,online,FR,18,0,0.0,139,0
T6000223,154.79,11.79,1942,4,POS,NL,7,0,0.0,49,0
T6000224,54.2,276.98,1963,12,Mobile,FR,23,0,0.0,177,0
T6000225,67.65,90.86,122,20,online,DE,21,0,0.0,113,0
T6000226,68.2,67.75,498,13,Online,NL,20,0,0.0,3,0
T6000227,73.03,44.84,86,15,POS,FR,1,0,0.0,104,0
T6000228,189.83,17.64,1241,7,online,BE,9,0,0.0,15,0
T6000229,116.5,43.67,1823,15,POS,BE,1,0,0.0,70,58.25
T6000230,28.12,23.01,130,16,online,FR,13,0,0.0,45,0
T6000231,13.61,35.68,1520,21,online,NL,22,0,0.0,114,0
T6000232,65.08,100.35,2099,2,POS,NL,9,0,0.0,151,0
T6000233,36.34,26.21,881,5,online,NL,0,0,0.0,4,0
T6000234,206.85,34.22,1534,17,POS,BE,11,0,0.0,210,0
T6000235,14.43,8.33,1215,3,POS,FR,7,0,0.0,5,0
T6000236,15.66,58.68,457,18,Online,FR,16,0,0.0,147,7.83
T6000237,32.29,120.33,206,20,Mobile,NL,5,0,0.0,162,0
T6000238,59.58,60.87,1344,19,Online,BE,5,0,0.0,196,29.79
T6000239,13.33,62.09,828,3,Online,FR,3,0,0.0,167,0
T6000240,41.58,34.74,2099,17,Mobile,NL,7,0,0.0,18,0
T6000241,41.35,26.39,172,14,Mobile,DE,11,0,0.0,205,0
T6000242,52.99,10.43,254,20,POS,NL,9,0,0.0,171,0
T6000243,9.9,24.34,1629,14,Mobile,NL,2,0,0.0,169,0
T6000244,43.41,51.02,1418,10,POS,BE,0,0,0.0,173,0
T6000245,134.83,37.25,1856,17,online,FR,6,0,0.0,65,0
T6000246,111.76,60.25,986,17,POS,BE,21,0,0.0,94,0
T6000247,41.54,19.4,1495,11,online,DE,0,0,0.0,121,0
T6000248,28.72,55.74,564,3,Online,NL,16,0,0.0,179,0
T6000249,40.56,55.5,2077,14,Mobile,BE,16,0,0.0,112,0
T6000250,34.09,54.22,1260,1,Mobile,BE,1,0,0.0,133,0
T6000251,38.87,25.66,1086,19,Online,FR,23,0,0.0,175,0
T6000252,125.35,47.41,700,19,POS,NL,8,0,0.0,153,0
T6000253,83.75,21.11,2012,10,Mobile,NL,9,0,0.0,40,41.88
T6000254,48.11,45.01,174,11,Online,DE,1,0,0.0,22,0
T6000255,149.9,30.42,1596,19,Online,BE,0,0,0.0,194,0
T6000256,83.53,50.8,1804,9,POS,BE,19,0,0.0,118,0
T6000257,,61.36,77,16,Online,NL,6,0,0.0,7,0
T6000258,43.39,26.89,2079,22,POS,NL,1,0,0.0,31,0
T6000259,30.7,20.43,466,4,Mobile,BE,4,0,0.0,29,0
T6000260,20.88,38.15,2078,11,Mobile,DE,13,0,0.0,180,0
T6000261,244.58,50.8,2112,9,Online,BE,7,0,0.0,23,0
T6000262,82.24,20.71,894,10,online,DE,14,0,0.0,181,41.12
T6000263,10.96,20.78,884,10,Mobile,BE,12,0,0.0,154,0
T6000264,87.13,42.59,573,15,Mobile,BE,22,0,0.0,142,0
T6000265,211.7,33.31,795,14,Online,NL,20,0,0.0,74,0
T6000266,21.25,53.25,1583,7,Online,DE,3,0,0.0,155,0
T6000267,49.6,51.68,1559,1,Online,FR,17,0,0.0,64,0
T6000268,16.88,46.27,94,12,online,NL,20,0,0.0,119,0
T6000269,45.9,30.26,1033,19,online,DE,19,0,0.0,84,0
T6000270,52.45,12.53,1424,16,POS,FR,8,0,0.0,135,0
T6000271,10.2,23.49,653,9,online,NL,23,0,0.0,180,0
T6000272,26.73,45.11,1476,4,Online,NL,15,0,0.0,66,0
T6000273,34.23,52.96,2048,3,Mobile,FR,11,1,32.43,86,0
T6000274,60.18,59.08,2049,12,online,NL,1,0,0.0,125,0
T6000275,26.37,74.22,1282,20,POS,BE,4,0,0.0,49,0
T6000276,21.27,30.48,514,7,online,FR,10,0,0.0,41,0
T6000277,78.98,83.91,873,2,online,BE,12,0,0.0,86,0
T6000278,373.88,33.6,304,7,Mobile,BE,15,0,0.0,152,0
T6000279,53.5,56.61,1142,17,Mobile,FR,3,0,0.0,128,0
T6000280,48.83,43.29,1621,3,online,BE,1,0,0.0,77,0
T6000281,47.49,22.75,332,5,Mobile,FR,18,0,0.0,157,0
T6000282,17.51,41.33,1324,16,POS,NL,15,0,0.0,96,0
T6000283,26.29,37.03,909,4,Mobile,FR,20,0,0.0,27,0
T6000284,182.86,34.32,75,17,Online,FR,22,0,0.0,65,0
T6000285,438.38,92.58,1998,5,Online,FR,11,0,0.0,185,0
T6000286,163.68,14.56,484,8,Online,BE,3,0,0.0,19,0
T6000287,66.08,34.98,1743,5,Mobile,BE,1,0,0.0,70,0
T6000288,21.62,33.25,710,19,Mobile,DE,1,0,0.0,85,0
T6000289,21.25,82.2,23,22,Mobile,DE,3,0,0.0,113,10.62
T6000290,1054.03,39.02,1135,2,Online,BE,20,0,0.0,203,0
T6000291,47.78,31.75,2115,16,Mobile,DE,14,0,0.0,205,0
T6000292,9.33,53.1,1465,17,POS,FR,22,0,0.0,1,0
T6000293,36.25,63.23,1136,17,Online,NL,2,0,0.0,114,18.12
T6000294,79.18,42.69,1820,18,POS,NL,12,0,0.0,16,0
T6000295,73.57,29.84,180,19,POS,BE,13,0,0.0,17,0
T6000296,14.64,51.09,1963,16,online,DE,3,0,0.0,156,0
T6000297,76.85,73.58,440,13,online,NL,4,0,0.0,72,0
T6000298,36.01,21.49,1177,17,Online,BE,23,0,0.0,139,0
T6000299,53.43,44.64,817,10,POS,FR,20,0,0.0,22,0
T6000300,8.65,22.5,1536,5,POS,BE,3,0,0.0,117,0
T6000301,299.64,37.35,2149,8,Mobile,BE,20,0,0.0,204,0
T6000302,20.18,33.03,132,12,Mobile,NL,19,0,0.0,105,0
T6000303,34.96,17.99,573,19,Mobile,NL,2,0,0.0,143,17.48
T6000304,24.09,56.79,1778,20,Mobile,FR,2,0,0.0,172,0
T6000305,15.92,70.06,2005,7,POS,DE,4,0,0.0,48,0
T6000306,87.3,40.44,1440,10,Mobile,NL,14,0,0.0,122,0
T6000307,70.42,32.58,992,4,online,DE,8,0,0.0,208,35.21
T6000308,22.93,10.01,2075,20,POS,BE,15,0,0.0,76,0
T6000309,21.95,24.03,1736,19,Mobile,FR,20,0,0.0,111,0
T6000310,31.02,25.9,444,17,Online,FR,15,0,0.0,122,0
T6000311,116.46,40.89,1839,13,Mobile,BE,10,0,0.0,134,0
T6000312,72.94,68.94,233,23,Mobile,DE,0,0,0.0,96,0
T6000313,72.71,20.2,1025,21,POS,BE,10,0,0.0,97,36.35
T6000314,106.26,10.09,279,21,Online,FR,23,0,0.0,39,0
T6000315,26.29,71.61,1096,1,POS,BE,15,0,0.0,188,0
T6000316,54.07,32.27,1067,3,Online,NL,12,0,0.0,64,0
T6000317,14.2,70.56,33,1,Mobile,BE,3,0,0.0,3,0
T6000318,22.32,24.67,2078,1,online,BE,3,0,0.0,101,0
T6000319,104.99,17.7,748,16,POS,DE,18,1,75.86,184,0
T6000320,63.29,19.12,993,11,online,FR,18,0,0.0,73,0
T6000321,103.39,15.55,965,23,Mobile,NL,8,0,0.0,197,0
T6000322,30.44,37.14,2180,19,Online,FR,23,0,0.0,129,0
T6000323,33.71,19.21,307,6,POS,FR,19,0,0.0,134,0
T6000324,23.19,88.41,1231,10,Mobile,DE,20,0,0.0,168,0
T6000325,61.19,98.88,82,9,POS,NL,8,0,0.0,81,0
T6000326,93.54,34.16,193,16,Online,BE,22,0,0.0,122,46.77
T6000327,48.92,70.09,526,11,Online,NL,16,0,0.0,124,0
T6000328,59.18,40.71,1283,19,online,NL,11,0,0.0,151,29.59
T6000329,41.21,76.79,340,18,Mobile,BE,21,0,0.0,83,0
T6000330,30.85,15.66,722,13,online,BE,11,0,0.0,150,0
T6000331,102.01,21.72,528,18,Mobile,FR,18,1,94.34,138,0
T6000332,150.45,100.53,1779,12,online,DE,11,1,137.19,41,0
T6000333,41.33,14.03,1705,12,Online,FR,14,0,0.0,99,0
T6000334,45.21,17.9,2144,15,Online,NL,8,0,0.0,46,0
T6000335,88.97,27.1,87,7,online,FR,10,0,0.0,52,0
T6000336,73.22,34.8,827,13,Mobile,NL,20,0,0.0,98,0
T6000337,72.58,34.69,1623,9,POS,BE,17,0,0.0,123,0
T6000338,30.64,27.84,601,1,Mobile,DE,2,0,0.0,67,15.32
T6000339,20.2,19.22,1301,7,POS,DE,0,0,0.0,173,0
T6000340,370.26,18.06,716,7,online,BE,21,0,0.0,75,0
T6000341,349.08,17.61,1516,17,Online,NL,0,0,0.0,134,0
T6000342,63.65,58.08,2136,7,online,BE,1,0,0.0,188,31.82
T6000343,134.04,28.11,1845,10,POS,BE,5,0,0.0,133,0
T6000344,27.1,40.76,652,16,POS,FR,12,0,0.0,52,0
T6000345,122.43,87.8,1757,15,POS,FR,1,0,0.0,12,0
T6000346,71.01,37.53,163,0,Mobile,FR,6,0,0.0,67,0
T6000347,50.29,30.36,767,15,online,DE,4,0,0.0,150,0
T6000348,6.61,37.27,1474,22,Mobile,BE,5,0,0.0,193,0
T6000349,18.96,25.61,2002,12,Online,BE,6,0,0.0,63,0
T6000350,42.71,34.31,2038,17,online,FR,18,0,0.0,97,0
T6000351,44.44,29.15,443,22,Mobile,FR,6,0,0.0,105,0
T6000352,21.79,37.18,1314,17,Mobile,DE,14,0,0.0,81,0
T6000353,15.97,43.37,508,7,Online,FR,19,0,0.0,32,0
T6000354,41.81,37.1,2016,8,POS,BE,9,0,0.0,27,0
T6000355,13.57,54.54,717,0,POS,NL,19,0,0.0,64,0
T6000356,28.16,70.19,76,22,Online,DE,10,0,0.0,116,0
T6000357,64.75,45.64,15,5,online,NL,8,0,0.0,77,0
T6000358,23.17,20.04,2000,8,Online,BE,11,0,0.0,155,0
T6000359,66.82,11.31,1371,11,online,NL,23,0,0.0,177,0
T6000360,138.35,35.54,1803,14,online,BE,0,0,0.0,141,0
T6000361,54.32,24.14,6,16,Online,NL,5,0,0.0,57,0
T6000362,20.61,24.9,933,13,POS,BE,2,0,0.0,101,0
T6000363,169.2,22.69,2053,2,Mobile,FR,22,0,0.0,13,0
T6000364,43.68,89.73,1703,18,online,DE,12,0,0.0,30,21.84
T6000365,40.01,19.42,818,3,online,FR,10,0,0.0,46,0
T6000366,26.86,19.36,12,19,POS,FR,19,0,0.0,101,0
T6000367,14.55,24.78,2000,23,Mobile,FR,20,0,0.0,42,0
T6000368,91.58,74.75,143,10,Online,NL,1,0,0.0,91,0
T6000369,21.99,72.78,752,5,Mobile,DE,5,0,0.0,40,0
T6000370,72.53,42.09,1437,5,online,DE,11,0,0.0,192,0
T6000371,31.96,20.59,676,23,online,NL,19,0,0.0,12,0
T6000372,160.46,22.96,1179,15,Online,FR,11,1,151.81,89,0
T6000373,13.95,29.52,678,23,Online,FR,10,0,0.0,161,0
T6000374,65.84,24.11,828,22,Online,DE,20,0,0.0,82,0
T6000375,14.22,19.94,134,4,Online,FR,8,0,0.0,98,0
T6000376,25.19,27.63,5,20,Mobile,NL,19,0,0.0,14,0
T6000377,16.12,10.07,83,11,Online,NL,16,0,0.0,51,0
T6000378,70.21,25.88,1293,20,POS,FR,2,1,67.94,146,0
T6000379,28.75,34.87,119,9,Online,DE,12,0,0.0,116,0
T6000380,11.35,44.03,1909,13,Online,NL,11,0,0.0,142,5.67
T6000381,48.04,41.25,811,3,online,FR,1,0,0.0,156,0
T6000382,88.3,14.83,1502,10,Mobile,DE,1,0,0.0,120,44.15
T6000383,87.71,20.7,176,1,online,FR,13,0,0.0,128,0
T6000384,72.42,80.63,48,15,Mobile,BE,12,0,0.0,126,0
T6000385,41.14,16.36,744,15,Online,NL,2,0,0.0,151,0
T6000386,38.91,25.11,2194,21,Mobile,FR,12,0,0.0,18,0
T6000387,22.83,32.88,342,10,online,FR,2,0,0.0,114,0
T6000388,53.65,31.83,79,21,Mobile,NL,8,0,0.0,208,0
T6000389,95.13,21.49,25,1,Mobile,NL,19,1,70.57,47,0
T6000390,56.87,48.03,954,14,POS,FR,3,0,0.0,135,0
T6000391,84.43,32.93,1603,7,POS,NL,7,0,0.0,29,0
T6000392,43.41,31.16,496,5,Mobile,DE,20,0,0.0,118,0
T6000393,33.26,67.11,1279,14,Online,DE,22,0,0.0,22,0
T6000394,43.12,42.65,67,7,online,FR,2,0,0.0,71,0
T6000395,61.18,14.96,115,17,Online,NL,10,0,0.0,106,0
T6000396,9.61,15.24,1264,1,Mobile,DE,12,0,0.0,141,0
T6000397,22.06,21.03,445,2,Mobile,FR,9,0,0.0,133,11.03
T6000398,76.28,49.81,382,6,Mobile,DE,19,0,0.0,170,0
T6000399,77.49,20.2,2065,23,POS,DE,16,0,0.0,47,0
T6000400,82.61,31.91,1069,22,Mobile,NL,20,0,0.0,105,0
T6000401,39.31,32.36,1295,18,Online,FR,2,0,0.0,64,0
T6000402,78.62,31.38,1513,11,Online,NL,5,0,0.0,28,0
T6000403,178.13,22.78,812,15,ONLINE,FR,13,0,0.0,12,0
T6000404,41.56,16.5,1669,6,POS,FR,4,0,0.0,103,0
T6000405,124.61,37.94,1854,17,Online,BE,0,0,0.0,81,62.3
T6000406,94.99,27.41,1792,10,POS,BE,22,0,0.0,112,0
T6000407,47.93,25.44,9,22,POS,DE,16,0,0.0,135,0
T6000408,65.0,52.09,346,10,Mobile,FR,1,0,0.0,197,0
T6000409,72.85,12.72,653,3,Mobile,DE,5,0,0.0,67,0
T6000410,94.07,22.67,1161,18,POS,NL,13,0,0.0,119,0
T6000411,16.98,14.11,964,10,online,NL,12,0,0.0,200,0
T6000412,31.82,48.56,710,10,online,FR,23,0,0.0,61,0
T6000413,41.48,74.46,1668,12,Online,DE,12,0,0.0,48,0
T6000414,64.82,64.92,1625,5,POS,BE,16,0,0.0,201,0
T6000415,46.27,39.15,1270,23,POS,DE,14,0,0.0,4,0
T6000416,306.26,15.51,344,12,Online,NL,19,0,0.0,63,0
T6000417,12.18,23.43,175,1,online,NL,18,0,0.0,56,0
T6000418,24.2,21.8,135,7,online,FR,2,0,0.0,164,0
T6000419,45.61,34.06,378,8,Online,BE,19,0,0.0,201,0
T6000420,14.79,13.53,1602,7,online,NL,7,0,0.0,113,0
T6000421,38.9,47.9,479,19,Online,FR,11,0,0.0,67,0
T6000422,46.45,56.85,1711,15,POS,FR,14,0,0.0,192,0
T6000423,34.57,17.85,57,2,Online,FR,15,0,0.0,38,17.29
T6000424,68.38,36.78,950,7,online,BE,23,0,0.0,76,0
T6000425,30.51,27.66,1888,17,Mobile,FR,4,0,0.0,86,0
T6000426,22.66,37.52,845,9,online,FR,2,0,0.0,94,0
T6000427,86.68,22.75,879,17,POS,FR,5,0,0.0,143,0
T6000428,151.62,28.85,266,12,online,DE,5,0,0.0,185,0
T6000429,21.41,41.66,165,9,Online,BE,1,0,0.0,100,0
T6000430,90.28,42.09,1407,9,Mobile,BE,2,0,0.0,77,0
T6000431,252.46,94.53,2179,19,POS,BE,9,0,0.0,59,0
T6000432,54.91,33.37,879,21,Online,FR,6,0,0.0,107,0
T6000433,149.15,34.16,251,23,Online,BE,1,0,0.0,98,0
T6000434,252.43,24.17,1977,16,online,NL,23,0,0.0,93,126.22
T6000435,297.84,65.67,1589,13,POS,NL,15,0,0.0,152,0
T6000436,110.59,47.4,1158,19,online,FR,15,0,0.0,9,0
T6000437,4.96,35.42,2012,12,POS,BE,12,0,0.0,6,0
T6000438,38.44,12.89,2200,0,online,BE,16,0,0.0,163,19.22
T6000439,32.76,24.55,101,21,online,NL,3,0,0.0,77,0
T6000440,89.27,16.93,2029,14,Mobile,DE,23,0,0.0,32,0
T6000441,20.64,17.9,1632,17,Online,FR,2,0,0.0,36,0
T6000442,14.92,58.13,1525,11,Mobile,FR,0,0,0.0,90,0
T6000443,33.44,44.51,1547,12,Mobile,NL,13,0,0.0,39,0
T6000444,232.56,33.35,308,4,POS,DE,12,0,0.0,40,116.28
T6000445,21.45,39.39,1643,23,online,BE,2,0,0.0,210,0
T6000446,42.62,26.56,1010,2,POS,BE,1,0,0.0,205,0
T6000447,21.66,29.05,551,21,POS,DE,20,0,0.0,45,0
T6000448,142.78,14.97,1464,4,online,NL,15,0,0.0,25,0
T6000449,47.35,49.6,130,3,POS,FR,15,0,0.0,192,0
T6000450,12.33,47.92,851,6,online,FR,20,0,0.0,207,0
T6000451,148.96,25.5,568,23,Online,NL,14,0,0.0,97,74.48
T6000452,13.03,111.25,717,0,Online,NL,12,0,0.0,116,0
T6000453,52.83,42.59,625,5,online,BE,6,0,0.0,59,0
T6000454,100.69,34.07,1973,12,Mobile,DE,0,1,82.68,26,0
T6000455,33.75,121.27,314,8,online,BE,19,0,0.0,70,0
T6000456,39.14,66.82,137,19,online,NL,4,0,0.0,14,0
T6000457,90.02,17.94,678,20,Mobile,NL,22,0,0.0,74,0
T6000458,113.22,21.8,1482,17,Online,FR,9,0,0.0,126,0
T6000459,45.25,49.78,2094,3,Mobile,FR,3,0,0.0,188,0
T6000460,85.6,10.23,976,2,online,NL,2,0,0.0,33,0
T6000461,89.94,58.7,1400,12,Mobile,NL,21,0,0.0,97,0
T6000462,146.05,51.22,2167,1,POS,FR,19,0,0.0,198,0
T6000463,59.07,39.48,1833,5,Mobile,DE,9,0,0.0,29,0
T6000464,30.61,23.88,1524,0,online,FR,10,0,0.0,5,0
T6000465,18.93,27.48,1461,18,POS,DE,5,0,0.0,103,0
T6000466,9.74,24.56,20,7,POS,NL,3,0,0.0,21,0
T6000467,82.35,55.47,141,8,Mobile,DE,2,0,0.0,190,0
T6000468,69.12,72.66,2001,19,Online,NL,2,0,0.0,167,0
T6000469,31.16,61.61,2112,13,online,NL,8,0,0.0,143,0
T6000470,16.36,15.53,1534,7,online,BE,10,0,0.0,33,0
T6000471,61.27,34.8,963,8,online,NL,18,0,0.0,136,0
T6000472,9.02,39.24,331,15,online,FR,22,0,0.0,31,0
T6000473,82.87,33.36,1791,10,POS,DE,18,0,0.0,38,0
T6000474,30.67,54.11,2199,5,Mobile,DE,18,0,0.0,155,0
T6000475,59.55,42.24,1710,2,Mobile,BE,20,0,0.0,66,0
T6000476,36.39,30.87,162,20,Mobile,DE,9,0,0.0,46,0
T6000477,58.07,47.09,2037,8,Online,BE,5,0,0.0,41,0
T6000478,92.7,20.28,1323,14,POS,BE,7,0,0.0,165,46.35
T6000479,46.5,25.13,2025,22,Mobile,FR,22,0,0.0,92,0
T6000480,34.08,12.86,1034,12,Mobile,DE,8,0,0.0,110,0
T6000481,81.31,21.39,1413,7,Online,BE,0,0,0.0,12,0
T6000482,11.11,44.91,658,5,online,DE,6,0,0.0,148,0
T6000483,48.11,21.23,1832,19,Mobile,FR,11,0,0.0,112,0
T6000484,22.65,26.77,1792,5,Mobile,DE,5,0,0.0,205,11.32
T6000485,116.84,17.73,2058,11,online,NL,22,0,0.0,194,0
T6000486,61.57,14.17,582,1,Mobile,NL,4,0,0.0,160,30.79
T6000487,53.68,15.26,1990,23,POS,NL,23,0,0.0,166,0
T6000488,13.26,34.58,440,3,Online,BE,11,0,0.0,98,0
T6000489,7.45,11.41,1784,11,POS,FR,19,0,0.0,181,0
T6000490,12.27,165.64,203,15,online,FR,5,0,0.0,24,0
T6000491,32.98,12.04,1448,0,Mobile,FR,0,0,0.0,173,0
T6000492,13.72,42.1,1301,21,online,FR,16,0,0.0,162,0
T6000493,70.53,76.7,433,15,Mobile,NL,23,0,0.0,151,0
T6000494,78.72,17.69,1178,10,online,NL,5,0,0.0,168,0
T6000495,125.1,24.76,173,6,Online,FR,16,0,0.0,50,0
T6000496,32.2,22.51,92,6,Mobile,DE,12,0,0.0,91,16.1
T6000497,51.2,17.27,1238,23,online,DE,19,0,0.0,95,0
T6000498,42.24,23.37,1745,9,POS,DE,2,0,0.0,100,0
T6000499,56.25,63.0,655,19,Mobile,FR,13,0,0.0,142,0
T6000500,10.02,35.17,1888,22,Mobile,NL,16,0,0.0,33,0
T6000501,68.93,14.9,1536,10,online,NL,7,0,0.0,141,0
T6000502,240.4,33.19,1045,5,POS,DE,10,0,0.0,195,0
T6000503,17.33,77.44,1170,10,POS,DE,3,0,0.0,146,0
T6000504,320.18,28.71,1412,22,Mobile,FR,12,0,0.0,161,0
T6000505,55.13,33.66,2055,11,Online,DE,7,0,0.0,176,0
T6000506,44.16,19.33,721,1,Mobile,BE,3,0,0.0,196,0
T6000507,85.29,109.87,622,14,POS,BE,17,0,0.0,145,0
T6000508,42.69,24.53,1102,3,Online,FR,19,0,0.0,138,21.34
T6000509,4.62,35.62,1813,7,POS,NL,2,0,0.0,48,0
T6000510,248.11,29.35,1687,17,POS,NL,13,0,0.0,78,0
T6000511,27.39,73.24,596,22,POS,NL,9,0,0.0,205,0
T6000512,28.14,9.19,151,11,POS,DE,18,1,24.83,122,0
T6000513,97.43,26.15,2008,9,online,NL,13,0,0.0,105,48.72
T6000514,,39.98,1790,15,online,FR,21,0,0.0,123,0
T6000515,32.91,28.26,834,9,online,NL,14,0,0.0,129,0
T6000516,197.18,34.22,810,8,Mobile,BE,16,0,0.0,97,0
T6000517,177.62,36.64,306,8,online,NL,8,0,0.0,7,0
T6000518,50.79,66.14,1483,19,POS,NL,14,0,0.0,26,0
T6000519,18.07,70.09,1855,19,online,DE,8,0,0.0,64,0
T6000520,9.86,25.77,881,2,POS,BE,18,0,0.0,95,0
T6000521,27.07,25.7,1389,23,online,FR,13,0,0.0,128,0
T6000522,24.54,80.06,1599,16,POS,NL,4,0,0.0,147,0
T6000523,279.09,80.26,1025,5,POS,NL,6,0,0.0,186,0
T6000524,65.64,55.94,1376,7,online,FR,17,0,0.0,166,0
T6000525,11.54,45.42,507,3,Mobile,NL,9,0,0.0,181,0
T6000526,96.12,67.04,1750,9,Mobile,NL,6,0,0.0,21,0
T6000527,37.46,19.19,698,18,Mobile,DE,6,0,0.0,69,0
T6000528,31.62,20.46,2058,20,online,BE,16,0,0.0,131,0
T6000529,54.81,61.27,118,21,Online,DE,1,0,0.0,181,0
T6000530,130.24,25.66,2187,15,Online,DE,4,0,0.0,115,0
T6000531,15.87,23.83,380,23,POS,BE,11,0,0.0,57,0
T6000532,30.52,50.15,1641,3,Online,BE,8,0,0.0,76,0
T6000533,46.11,41.18,703,23,Mobile,NL,21,0,0.0,53,0
T6000534,38.16,48.42,2015,19,Mobile,FR,21,0,0.0,173,0
T6000535,22.85,19.03,1317,15,Mobile,BE,18,0,0.0,17,11.43
T6000536,12.34,16.42,1611,4,online,FR,16,0,0.0,21,0
T6000537,141.03,17.45,1675,9,online,FR,5,0,0.0,77,0
T6000538,17.57,31.09,1057,22,Mobile,NL,12,0,0.0,140,0
T6000539,12.66,29.18,1228,22,online,NL,11,1,12.51,118,0
T6000540,80.25,36.45,1058,19,POS,NL,15,0,0.0,164,0
T6000541,20.56,23.61,1518,22,online,FR,3,0,0.0,32,0
T6000542,31.19,9.12,1480,8,POS,DE,4,0,0.0,187,0
T6000543,25.1,40.1,907,17,Mobile,FR,22,0,0.0,98,0
T6000544,136.18,42.72,1803,2,Mobile,BE,12,0,0.0,182,0
T6000545,67.06,60.04,891,0,Online,NL,4,0,0.0,2,0
T6000546,29.5,29.66,1365,10,POS,BE,1,0,0.0,33,0
T6000547,69.28,30.46,332,19,online,NL,10,0,0.0,43,0
T6000548,94.43,30.5,1190,20,POS,DE,9,0,0.0,153,0
T6000549,23.03,47.01,2053,1,Mobile,NL,16,0,0.0,71,0
T6000550,63.07,24.97,2082,19,POS,DE,20,0,0.0,9,0
T6000551,49.18,51.84,427,15,Online,FR,1,0,0.0,136,0
T6000552,19.48,40.93,693,4,online,DE,15,0,0.0,130,0
T6000553,20.31,51.19,1922,17,Mobile,NL,2,0,0.0,146,0
T6000554,106.45,27.66,212,19,POS,BE,20,0,0.0,19,0
T6000555,201.11,67.87,1683,20,online,DE,20,0,0.0,145,0
T6000556,65.84,52.42,1960,23,online,FR,13,0,0.0,202,0
T6000557,136.87,38.68,344,8,POS,BE,6,0,0.0,133,0
T6000558,13.4,28.54,243,17,Online,NL,23,0,0.0,55,0
T6000559,47.67,10.97,1561,16,Mobile,FR,2,0,0.0,71,0
T6000560,24.9,26.26,610,14,Online,NL,19,0,0.0,84,0
T6000561,24.99,35.23,196,3,Mobile,NL,5,0,0.0,54,0
T6000562,87.38,32.02,950,18,POS,NL,7,0,0.0,113,0
T6000563,18.92,37.98,908,2,POS,NL,6,0,0.0,176,9.46
T6000564,14.17,13.68,2010,18,Mobile,DE,21,0,0.0,123,0
T6000565,11.76,53.75,908,12,Mobile,BE,1,0,0.0,18,0
T6000566,104.01,73.42,1266,22,POS,FR,3,0,0.0,160,0
T6000567,150.71,14.42,1789,19,Online,DE,8,0,0.0,7,0
T6000568,32.57,26.93,1770,4,online,DE,22,0,0.0,115,0
T6000569,17.17,12.52,1989,6,Mobile,BE,7,0,0.0,130,0
T6000570,27.68,45.03,970,9,Mobile,FR,10,0,0.0,107,0
T6000571,42.7,19.85,848,4,Online,FR,12,0,0.0,40,0
T6000572,67.21,10.21,1530,16,online,NL,1,0,0.0,126,0
T6000573,208.61,16.86,543,11,online,BE,22,0,0.0,101,0
T6000574,72.15,39.45,548,23,online,BE,23,1,66.81,142,36.08
T6000575,57.85,20.94,1585,2,Mobile,DE,21,1,40.69,45,0
T6000576,50.49,30.51,1116,13,Mobile,NL,7,0,0.0,147,0
T6000577,26.43,36.74,589,14,Online,FR,10,0,0.0,45,0
T6000578,33.08,14.81,269,19,Mobile,BE,2,0,0.0,20,0
T6000579,67.34,17.41,583,10,Online,BE,12,0,0.0,38,0
T6000580,54.1,47.27,669,12,Mobile,FR,2,0,0.0,75,0
T6000581,44.31,33.71,462,4,online,DE,4,0,0.0,165,0
T6000582,39.0,47.8,143,15,Online,NL,14,0,0.0,151,19.5
T6000583,38.45,33.53,504,1,POS,DE,16,0,0.0,185,0
T6000584,94.97,25.02,178,21,Mobile,DE,22,0,0.0,87,0
T6000585,42.21,68.57,1610,1,Online,FR,11,0,0.0,36,0
T6000586,127.41,13.85,701,19,online,BE,17,0,0.0,79,63.7
T6000587,23.38,19.18,627,5,POS,NL,11,0,0.0,143,0
T6000588,21.57,35.4,158,23,online,NL,17,0,0.0,72,0
T6000589,32.37,54.06,2048,17,online,FR,23,0,0.0,103,0
T6000590,30.58,31.77,705,23,Mobile,NL,22,0,0.0,139,0
T6000591,95.3,13.71,1574,8,Online,DE,23,0,0.0,127,0
T6000592,155.64,12.38,827,2,online,BE,4,0,0.0,168,0
T6000593,16.65,21.19,715,17,POS,FR,4,0,0.0,48,0
T6000594,16.94,33.66,979,1,POS,BE,2,0,0.0,70,0
T6000595,73.81,43.35,137,6,online,NL,16,0,0.0,201,0
T6000596,8.72,67.56,374,4,Mobile,FR,20,0,0.0,107,0
T6000597,11.24,39.55,177,3,Online,DE,11,0,0.0,193,0
T6000598,31.2,38.81,1451,10,Mobile,NL,22,0,0.0,7,15.6
T6000599,77.66,35.06,1008,17,Mobile,NL,12,0,0.0,170,0
T6000600,26.34,54.17,1608,5,Online,NL,10,0,0.0,164,0
T6000601,131.58,18.88,638,23,POS,FR,0,1,111.46,113,65.79
T6000602,145.51,41.63,959,3,online,DE,8,0,0.0,165,0
T6000603,18.58,17.2,1852,6,POS,NL,9,0,0.0,58,0
T6000604,60.23,76.25,1817,19,POS,NL,21,0,0.0,128,0
T6000605,25.56,41.26,1267,0,Mobile,BE,22,0,0.0,11,0
T6000606,20.74,39.46,2036,14,Online,BE,8,0,0.0,183,0
T6000607,92.89,34.87,1309,20,Online,BE,3,0,0.0,91,46.45
T6000608,42.72,28.1,527,7,Mobile,NL,6,0,0.0,207,0
T6000609,10.09,18.3,1224,12,Online,BE,8,0,0.0,208,0
T6000610,238.32,63.71,1434,14,online,DE,7,0,0.0,130,0
T6000611,34.54,18.81,1978,22,Online,FR,13,0,0.0,159,0
T6000612,42.41,35.08,1096,3,online,NL,0,0,0.0,51,0
T6000613,64.12,18.19,246,23,Online,DE,5,0,0.0,130,0
T6000614,43.91,18.08,1150,3,POS,NL,10,0,0.0,118,0
T6000615,20.63,44.63,61,3,Mobile,BE,0,0,0.0,40,0
T6000616,214.16,50.28,2024,17,online,FR,10,0,0.0,177,107.08
T6000617,58.58,21.88,132,5,Mobile,BE,23,0,0.0,114,0
T6000618,113.32,21.48,1164,15,online,NL,23,0,0.0,119,0
T6000619,14.13,40.3,1107,18,online,BE,14,0,0.0,12,0
T6000620,40.92,35.76,1831,0,online,NL,10,0,0.0,48,0
T6000621,31.81,55.84,365,19,POS,FR,21,0,0.0,96,0
T6000622,116.08,66.58,1592,10,online,FR,19,0,0.0,169,0
T6000623,104.48,33.01,291,6,Online,NL,21,0,0.0,22,0
T6000624,33.49,17.58,1269,5,POS,BE,4,0,0.0,37,0
T6000625,13.51,29.93,948,8,online,DE,7,0,0.0,44,0
T6000626,37.69,40.53,853,6,Online,BE,23,0,0.0,151,0
T6000627,56.99,24.08,1361,21,Mobile,DE,5,0,0.0,55,0
T6000628,68.79,29.4,1959,7,online,NL,16,0,0.0,105,0
T6000629,40.95,63.38,1937,7,Online,DE,5,0,0.0,160,0
T6000630,224.18,68.04,1145,12,POS,DE,13,0,0.0,98,0
T6000631,77.24,28.73,1421,21,online,BE,17,0,0.0,198,38.62
T6000632,35.25,48.73,273,18,online,BE,10,0,0.0,69,0
T6000633,34.03,31.26,1769,0,POS,NL,15,0,0.0,209,0
T6000634,33.34,19.48,523,13,POS,BE,13,0,0.0,75,0
T6000635,18.65,42.9,746,9,Mobile,DE,15,0,0.0,134,0
T6000636,55.93,50.31,993,4,POS,FR,2,0,0.0,78,0
T6000637,69.92,28.32,395,3,online,FR,0,0,0.0,43,34.96
T6000638,217.45,40.67,1087,19,online,NL,1,0,0.0,129,0
T6000639,10.28,18.49,1743,18,online,BE,17,0,0.0,158,0
T6000640,27.92,60.07,874,5,Online,BE,16,0,0.0,107,0
T6000641,48.2,98.03,1269,10,Mobile,FR,10,0,0.0,107,0
T6000642,24.69,34.94,1874,19,online,DE,18,0,0.0,84,0
T6000643,89.19,45.12,2199,3,online,NL,8,0,0.0,140,0
T6000644,29.51,27.22,1615,15,Online,DE,4,0,0.0,104,0
T6000645,41.19,17.41,744,15,online,DE,7,0,0.0,106,0
T6000646,134.98,47.22,1987,13,Mobile,BE,19,0,0.0,55,0
T6000647,20.31,51.1,737,16,online,FR,16,0,0.0,144,0
T6000648,12.26,34.07,1578,12,online,DE,17,0,0.0,25,0
T6000649,193.86,31.84,1132,6,Mobile,FR,14,0,0.0,92,0
T6000650,30.8,47.47,453,5,POS,DE,3,0,0.0,94,0
T6000651,139.65,16.86,2091,2,POS,DE,22,0,0.0,84,0
T6000652,13.36,17.41,1024,9,POS,FR,1,0,0.0,119,0
T6000653,39.58,26.94,331,7,Mobile,FR,3,0,0.0,67,0
T6000654,84.95,20.4,2101,10,Online,FR,7,0,0.0,41,0
T6000655,281.31,14.18,159,5,POS,BE,7,0,0.0,24,0
T6000656,50.03,120.99,198,21,Online,FR,22,0,0.0,174,0
T6000657,73.1,18.21,622,5,POS,BE,21,0,0.0,125,0
T6000658,54.83,16.36,1315,7,Online,BE,1,0,0.0,70,0
T6000659,67.5,47.78,374,19,Online,FR,4,0,0.0,112,0
T6000660,35.72,46.23,676,5,online,NL,2,0,0.0,65,0
T6000661,39.65,16.9,499,5,Online,FR,14,0,0.0,154,19.82
T6000662,136.05,122.68,1717,22,POS,DE,19,0,0.0,107,0
T6000663,228.38,12.75,1555,17,online,FR,20,0,0.0,123,0
T6000664,65.88,15.87,1686,9,POS,BE,2,0,0.0,4,0
T6000665,138.49,42.01,844,11,POS,NL,8,0,0.0,197,0
T6000666,46.73,42.73,1320,7,POS,NL,12,0,0.0,59,0
T6000667,10.1,52.45,92,23,Online,DE,1,0,0.0,155,0
T6000668,55.23,26.15,694,23,Mobile,BE,14,0,0.0,142,0
T6000669,74.47,30.2,1834,14,online,FR,13,0,0.0,178,0
T6000670,47.29,28.8,39,15,POS,NL,17,0,0.0,116,0
T6000671,22.92,15.11,1103,19,POS,NL,9,0,0.0,21,0
T6000672,43.41,33.82,579,22,Mobile,BE,10,0,0.0,188,0
T6000673,45.52,52.57,1112,8,POS,DE,22,0,0.0,42,0
T6000674,25.72,18.16,2077,18,Online,DE,19,0,0.0,210,0
T6000675,45.83,25.19,517,4,POS,FR,16,0,0.0,47,0
T6000676,51.58,50.09,814,18,POS,FR,1,0,0.0,168,0
T6000677,30.37,52.75,1254,17,POS,DE,9,0,0.0,19,0
T6000678,98.7,22.82,951,8,Online,DE,22,0,0.0,181,0
T6000679,58.3,42.7,1920,22,Mobile,DE,21,0,0.0,142,0
T6000680,119.5,44.08,1803,19,online,DE,6,0,0.0,186,0
T6000681,15.42,62.55,873,14,online,FR,17,0,0.0,73,0
T6000682,56.62,31.3,1387,0,POS,BE,2,0,0.0,135,0
T6000683,31.35,24.74,65,10,online,DE,4,0,0.0,210,0
T6000684,20.02,35.31,966,9,Mobile,BE,12,0,0.0,128,0
T6000685,56.66,33.43,2088,16,Mobile,FR,14,0,0.0,114,28.33
T6000686,102.49,15.15,1906,20,POS,NL,7,0,0.0,180,0
T6000687,37.67,15.28,477,16,Online,BE,21,0,0.0,189,0
T6000688,12.28,119.44,1823,22,Online,BE,14,0,0.0,77,0
T6000689,147.09,55.22,904,1,POS,FR,13,0,0.0,151,0
T6000690,9.99,57.15,574,17,POS,BE,22,0,0.0,55,5.0
T6000691,70.5,35.79,709,6,Mobile,DE,9,0,0.0,21,0
T6000692,24.54,13.28,69,12,POS,FR,20,0,0.0,73,0
T6000693,21.54,48.0,831,15,Mobile,NL,12,0,0.0,48,0
T6000694,127.31,62.7,691,17,Online,FR,1,0,0.0,110,0
T6000695,60.98,26.68,701,23,Mobile,BE,14,0,0.0,43,0
T6000696,32.31,38.85,90,7,online,BE,10,0,0.0,196,0
T6000697,17.9,45.48,1361,21,Online,FR,7,0,0.0,64,0
T6000698,52.21,89.45,1781,10,Online,FR,21,0,0.0,121,0
T6000699,226.33,61.05,1017,17,online,BE,20,0,0.0,43,0
T6000700,91.73,48.86,1488,16,online,NL,15,0,0.0,64,0
T6000701,69.54,30.98,645,9,online,BE,16,0,0.0,108,0
T6000702,120.05,36.26,1612,20,Online,BE,4,0,0.0,128,0
T6000703,83.49,44.54,1336,2,online,BE,14,0,0.0,113,0
T6000704,66.93,45.91,176,7,Online,DE,9,0,0.0,65,33.47
T6000705,69.51,25.47,1090,2,Online,BE,4,0,0.0,183,0
T6000706,105.04,17.5,379,22,online,FR,11,0,0.0,1,0
T6000707,15.97,36.04,2195,10,Online,BE,13,0,0.0,179,0
T6000708,45.67,30.28,532,5,Online,BE,7,0,0.0,80,0
T6000709,24.33,48.09,568,16,Online,FR,22,0,0.0,155,0
T6000710,11.86,19.77,1225,23,Mobile,NL,11,0,0.0,174,0
T6000711,82.26,15.22,1104,19,POS,NL,11,0,0.0,8,0
T6000712,88.32,99.93,37,19,Online,NL,7,0,0.0,81,0
T6000713,49.92,17.31,86,18,Mobile,DE,0,0,0.0,144,0
T6000714,50.72,42.93,921,15,POS,BE,3,0,0.0,44,0
T6000715,18.73,30.04,1917,0,Mobile,FR,8,0,0.0,166,0
T6000716,47.46,61.44,185,12,POS,DE,14,0,0.0,203,0
T6000717,32.94,72.33,437,16,Online,DE,19,0,0.0,48,0
T6000718,51.53,78.44,1687,16,Mobile,NL,16,0,0.0,133,0
T6000719,24.63,42.52,2200,6,Online,NL,11,0,0.0,87,0
T6000720,130.01,24.96,1614,13,online,DE,3,0,0.0,18,0
T6000721,47.36,12.82,25,12,online,DE,4,0,0.0,98,0
T6000722,40.06,31.55,1723,15,Mobile,FR,21,0,0.0,140,0
T6000723,35.12,69.29,70,9,Mobile,NL,18,0,0.0,41,0
T6000724,26.0,39.25,1561,21,Online,BE,1,0,0.0,39,0
T6000725,28.21,27.59,1944,13,Online,BE,9,0,0.0,180,0
T6000726,26.28,48.95,864,14,online,DE,1,0,0.0,3,0
T6000727,23.21,41.58,897,9,Mobile,NL,20,0,0.0,4,0
T6000728,29.47,44.81,1935,4,online,DE,14,0,0.0,158,0
T6000729,53.85,27.99,1862,23,online,NL,22,0,0.0,44,0
T6000730,33.64,14.6,1743,6,Online,DE,6,0,0.0,125,0
T6000731,215.67,21.66,570,15,Mobile,DE,19,0,0.0,87,0
T6000732,199.94,31.56,1944,0,Mobile,DE,6,0,0.0,100,0
T6000733,61.76,57.11,282,1,Mobile,DE,13,0,0.0,43,0
T6000734,29.13,30.56,1098,20,Mobile,DE,21,0,0.0,137,0
T6000735,73.09,16.83,516,14,POS,BE,3,0,0.0,160,0
T6000736,15.54,42.77,1250,9,online,DE,21,0,0.0,68,0
T6000737,20.12,17.5,924,20,online,BE,9,0,0.0,149,0
T6000738,53.49,19.87,1319,5,POS,DE,11,0,0.0,170,0
T6000739,10.85,45.21,1905,5,Mobile,NL,2,0,0.0,197,0
T6000740,30.53,22.92,1230,0,POS,DE,8,0,0.0,196,0
T6000741,120.13,54.84,834,18,POS,BE,22,0,0.0,165,0
T6000742,37.02,51.14,2165,12,POS,NL,13,0,0.0,84,0
T6000743,25.22,32.75,1016,19,Mobile,FR,16,0,0.0,97,0
T6000744,29.41,41.86,945,18,Mobile,FR,4,0,0.0,135,0
T6000745,26.1,62.72,1153,4,online,BE,20,0,0.0,158,0
T6000746,57.25,26.53,527,10,Mobile,BE,23,0,0.0,59,0
T6000747,97.94,21.51,83,4,Online,FR,18,0,0.0,22,0
T6000748,37.14,28.84,1593,14,Mobile,DE,14,0,0.0,208,0
T6000749,17.96,42.62,983,0,Mobile,DE,5,0,0.0,90,0
T6000750,74.34,25.6,572,20,online,FR,23,0,0.0,174,0
T6000751,24.67,30.14,1143,16,online,DE,0,0,0.0,153,0
T6000752,89.92,29.73,2047,3,Online,NL,23,0,0.0,49,0
T6000753,42.17,21.98,407,17,POS,FR,11,0,0.0,59,0
T6000754,110.19,51.04,1943,13,Mobile,NL,6,0,0.0,3,0
T6000755,207.75,16.26,817,20,POS,NL,7,0,0.0,76,0
T6000756,58.34,45.23,1159,4,Mobile,FR,9,0,0.0,83,0
T6000757,27.48,27.46,1950,13,Mobile,FR,2,1,22.26,22,0
T6000758,31.23,49.61,297,11,Mobile,DE,8,0,0.0,151,0
T6000759,46.67,55.59,1342,11,POS,FR,0,0,0.0,59,0
T6000760,53.51,53.35,1323,2,online,NL,7,0,0.0,52,0
T6000761,81.06,31.85,593,3,POS,NL,12,0,0.0,125,0
T6000762,85.13,18.73,773,23,online,FR,23,0,0.0,102,0
T6000763,73.93,22.19,1609,3,online,FR,23,0,0.0,157,0
T6000764,75.74,28.97,1286,20,POS,DE,9,0,0.0,53,0
T6000765,39.91,18.47,1629,14,Mobile,FR,15,0,0.0,104,0
T6000766,144.73,19.59,1826,13,Online,FR,13,0,0.0,56,0
T6000767,161.81,18.68,1235,3,Mobile,NL,3,0,0.0,165,0
T6000768,35.84,33.19,1162,6,online,BE,11,0,0.0,45,0
T6000769,49.26,20.35,614,20,Online,NL,2,0,0.0,171,0
T6000770,84.6,69.51,658,16,Mobile,NL,18,0,0.0,27,0
T6000771,,66.77,94,19,POS,NL,16,0,0.0,192,0
T6000772,41.99,5.05,1071,15,POS,FR,16,0,0.0,179,0
T6000773,59.47,37.9,138,13,Mobile,NL,13,0,0.0,194,0
T6000774,126.54,26.99,2104,17,Online,DE,11,0,0.0,155,0
T6000775,51.74,90.45,468,23,Mobile,FR,14,0,0.0,65,0
T6000776,5.78,47.95,639,6,Online,NL,1,0,0.0,20,0
T6000777,99.78,32.06,30,7,online,BE,8,0,0.0,57,0
T6000778,114.09,26.93,1198,16,Mobile,FR,6,0,0.0,187,0
T6000779,46.81,10.83,2158,6,Online,NL,7,0,0.0,127,0
T6000780,28.97,106.59,932,22,Mobile,BE,3,0,0.0,177,0
T6000781,93.88,24.25,1224,10,online,BE,4,0,0.0,200,0
T6000782,37.29,96.96,969,10,Online,DE,14,0,0.0,98,0
T6000783,33.79,13.21,558,4,POS,FR,21,0,0.0,77,0
T6000784,57.53,43.77,1900,6,Online,NL,22,0,0.0,93,0
T6000785,24.48,12.88,1511,2,Online,NL,18,0,0.0,135,0
T6000786,28.04,75.13,62,16,Online,DE,11,0,0.0,206,14.02
T6000787,62.16,23.5,2196,12,Mobile,BE,7,0,0.0,189,0
T6000788,18.2,26.04,678,4,Mobile,FR,7,0,0.0,209,0
T6000789,44.56,37.61,1777,12,Online,BE,17,0,0.0,115,0
T6000790,47.1,23.74,1739,19,online,NL,14,0,0.0,161,0
T6000791,29.16,25.31,1612,10,Mobile,BE,6,0,0.0,88,14.58
T6000792,23.47,32.04,83,16,Mobile,DE,3,0,0.0,168,0
T6000793,33.06,22.2,402,8,online,FR,7,0,0.0,67,0
T6000794,17.45,26.48,603,21,Online,DE,11,0,0.0,201,0
T6000795,60.53,23.57,1587,4,Mobile,FR,17,0,0.0,199,0
T6000796,27.33,17.04,2069,23,POS,FR,12,0,0.0,180,0
T6000797,211.37,27.02,1070,7,POS,BE,1,0,0.0,205,0
T6000798,20.72,29.47,1948,4,POS,DE,23,0,0.0,194,10.36
T6000799,420.95,14.52,409,23,online,NL,18,0,0.0,138,0
T6000800,94.74,26.55,1540,23,online,BE,21,0,0.0,141,0
T6000801,7.04,42.61,876,11,Mobile,DE,0,0,0.0,119,0
T6000802,114.76,16.71,927,1,Online,BE,14,0,0.0,73,0
T6000803,28.22,19.98,621,18,Mobile,BE,9,0,0.0,205,0
T6000804,36.36,18.54,256,4,online,NL,5,0,0.0,1,0
T6000805,130.92,129.87,1891,21,Mobile,DE,15,0,0.0,113,0
T6000806,8.69,26.09,736,2,ONLINE,NL,13,0,0.0,82,4.34
T6000807,61.37,28.1,1859,20,POS,FR,13,0,0.0,178,0
T6000808,62.82,36.72,1561,13,Mobile,BE,10,0,0.0,116,0
T6000809,13.13,58.73,926,5,POS,BE,6,0,0.0,182,6.57
T6000810,55.59,53.46,1264,7,POS,BE,22,0,0.0,204,0
T6000811,158.08,21.16,1980,22,POS,DE,20,0,0.0,160,0
T6000812,60.75,34.19,142,23,online,NL,7,0,0.0,26,0
T6000813,108.88,66.86,1145,21,online,FR,9,0,0.0,197,0
T6000814,126.72,25.17,919,6,Mobile,FR,5,0,0.0,52,0
T6000815,35.67,32.37,1425,17,Online,NL,7,0,0.0,178,0
T6000816,77.83,19.49,502,17,Online,BE,6,0,0.0,28,0
T6000817,165.2,8.86,2173,10,POS,BE,21,0,0.0,57,0
T6000818,60.84,39.13,716,21,Mobile,NL,0,0,0.0,206,0
T6000819,31.86,27.65,784,3,Mobile,FR,20,0,0.0,48,0
T6000820,27.65,48.19,378,20,Mobile,DE,0,0,0.0,28,0
T6000821,80.58,42.28,648,8,Online,NL,17,0,0.0,100,0
T6000822,7.26,18.69,1015,13,Online,NL,22,0,0.0,42,0
T6000823,28.68,23.18,1745,0,Online,NL,12,0,0.0,84,0
T6000824,26.71,35.03,1284,7,POS,DE,5,0,0.0,104,0
T6000825,57.1,45.35,1492,3,online,FR,3,0,0.0,13,0
T6000826,285.9,28.27,99,16,Online,DE,15,0,0.0,180,0
T6000827,101.41,29.15,130,16,online,FR,15,0,0.0,129,0
T6000828,18.02,35.86,1872,16,online,BE,7,0,0.0,114,0
T6000829,230.63,43.31,1812,17,POS,DE,9,0,0.0,169,0
T6000830,30.56,103.67,904,15,Mobile,FR,4,0,0.0,204,15.28
T6000831,20.58,16.16,1278,17,POS,DE,7,0,0.0,29,0
T6000832,42.25,23.52,2100,1,Online,NL,23,0,0.0,181,0
T6000833,48.64,62.18,541,20,Mobile,DE,5,0,0.0,79,0
T6000834,30.64,25.69,2149,14,online,FR,5,0,0.0,45,0
T6000835,32.34,91.94,1964,20,Mobile,NL,22,0,0.0,114,0
T6000836,36.77,21.4,904,1,Mobile,BE,1,0,0.0,49,0
T6000837,29.48,36.17,1799,11,POS,FR,22,0,0.0,156,0
T6000838,32.11,54.36,1244,6,Mobile,NL,2,0,0.0,33,0
T6000839,21.86,31.23,1741,22,POS,NL,3,0,0.0,2,10.93
T6000840,44.71,36.22,825,8,Online,DE,23,0,0.0,148,0
T6000841,20.93,205.41,508,6,Online,FR,0,0,0.0,68,0
T6000842,26.13,22.02,872,14,Online,NL,9,0,0.0,183,0
T6000843,58.06,95.27,1929,12,Mobile,FR,9,0,0.0,62,0
T6000844,36.05,19.35,84,10,Online,NL,6,0,0.0,161,0
T6000845,49.1,26.19,1989,0,Online,FR,6,0,0.0,172,0
T6000846,52.9,43.85,2147,6,Online,FR,8,0,0.0,81,0
T6000847,14.39,25.84,449,19,online,NL,5,0,0.0,121,0
T6000848,64.25,15.16,1666,18,POS,FR,0,0,0.0,136,32.12
T6000849,70.52,20.39,352,4,online,DE,7,0,0.0,53,0
T6000850,35.66,26.95,53,23,POS,DE,9,0,0.0,172,0
T6000851,28.89,23.83,1568,7,Online,DE,21,0,0.0,57,0
T6000852,155.7,46.58,846,10,Mobile,BE,1,0,0.0,1,0
T6000853,63.28,41.79,1655,11,POS,BE,18,0,0.0,72,0
T6000854,40.22,34.08,2150,12,Mobile,NL,2,0,0.0,32,0
T6000855,28.61,70.38,1367,5,Online,NL,2,0,0.0,119,0
T6000856,17.58,41.69,120,21,Online,NL,8,0,0.0,181,0
T6000857,15.3,42.78,1628,0,Online,BE,2,0,0.0,65,0
T6000858,34.38,24.8,1680,11,Online,FR,14,0,0.0,188,0
T6000859,25.0,22.87,1019,19,Online,FR,13,0,0.0,31,0
T6000860,16.87,28.97,819,2,online,FR,3,0,0.0,16,0
T6000861,33.54,27.41,692,6,POS,DE,21,0,0.0,71,0
T6000862,56.82,35.36,1277,23,online,FR,0,0,0.0,122,0
T6000863,48.74,11.64,97,12,Mobile,FR,18,0,0.0,134,0
T6000864,37.5,57.03,1367,7,Online,DE,13,0,0.0,116,0
T6000865,18.95,52.57,1109,19,Mobile,BE,7,0,0.0,187,0
T6000866,24.46,30.71,1959,20,Online,BE,6,0,0.0,85,0
T6000867,61.63,13.01,188,4,Mobile,FR,22,0,0.0,125,0
T6000868,192.11,24.12,1175,0,Online,BE,2,0,0.0,174,0
T6000869,159.84,104.84,44,9,online,DE,22,0,0.0,152,0
T6000870,134.04,41.1,151,1,POS,NL,6,0,0.0,137,0
T6000871,119.13,41.86,947,11,Mobile,NL,3,0,0.0,181,0
T6000872,67.17,10.98,359,23,POS,FR,1,1,48.47,208,0
T6000873,6.6,28.06,902,10,Online,BE,13,0,0.0,208,0
T6000874,111.61,36.49,1554,12,Mobile,NL,11,0,0.0,92,0
T6000875,44.83,51.68,24,15,Mobile,BE,8,0,0.0,58,0
T6000876,35.02,37.48,2101,11,online,FR,13,0,0.0,187,0
T6000877,34.75,79.67,1369,9,online,NL,13,0,0.0,118,0
T6000878,64.64,97.77,1678,13,POS,FR,15,0,0.0,177,0
T6000879,99.04,41.64,572,9,Online,BE,14,0,0.0,10,0
T6000880,106.73,60.01,152,11,Online,NL,9,0,0.0,2,0
T6000881,42.38,35.37,1729,4,POS,DE,18,0,0.0,49,0
T6000882,27.55,36.4,485,19,POS,BE,18,0,0.0,202,0
T6000883,216.93,29.1,715,14,POS,FR,1,0,0.0,190,0
T6000884,14.61,48.96,243,10,online,FR,10,0,0.0,32,0
T6000885,16.08,115.24,179,15,online,NL,11,0,0.0,184,0
T6000886,78.06,34.55,116,15,Mobile,DE,17,0,0.0,8,0
T6000887,94.84,31.86,2010,6,Online,BE,1,0,0.0,97,0
T6000888,114.05,25.17,1106,12,Mobile,FR,20,0,0.0,111,0
T6000889,104.44,6.8,322,5,online,BE,22,0,0.0,178,0
T6000890,30.42,38.81,740,16,Online,NL,15,1,21.91,173,0
T6000891,52.9,34.6,1306,1,POS,FR,2,0,0.0,41,0
T6000892,51.46,55.66,389,18,POS,BE,8,0,0.0,184,0
T6000893,80.0,18.21,609,20,POS,BE,9,0,0.0,139,0
T6000894,58.51,27.16,784,18,POS,NL,7,0,0.0,49,29.25
T6000895,46.97,41.25,1504,23,Mobile,DE,15,0,0.0,154,0
T6000896,13.72,15.06,7,14,online,BE,22,0,0.0,124,0
T6000897,50.68,40.81,484,21,Online,BE,18,0,0.0,47,25.34
T6000898,26.01,32.96,899,15,Online,NL,9,0,0.0,145,0
T6000899,35.47,76.64,2055,15,POS,NL,1,0,0.0,91,0
T6000900,32.74,42.1,1386,3,Online,DE,14,0,0.0,210,0
T6000901,34.41,34.23,697,22,Online,NL,19,0,0.0,78,17.2
T6000902,47.27,27.96,1729,0,Mobile,DE,17,0,0.0,34,0
T6000903,60.19,31.36,151,16,Mobile,NL,4,0,0.0,57,0
T6000904,63.92,18.3,155,20,online,DE,19,0,0.0,139,0
T6000905,20.16,15.58,1309,22,online,NL,10,0,0.0,125,0
T6000906,120.02,15.56,209,12,online,FR,10,0,0.0,50,0
T6000907,18.01,29.03,2184,23,online,DE,1,0,0.0,80,0
T6000908,21.46,35.83,254,6,Online,DE,0,0,0.0,65,0
T6000909,120.57,9.96,681,14,POS,NL,13,0,0.0,152,0
T6000910,50.97,34.36,1494,2,Online,FR,19,0,0.0,201,25.48
T6000911,56.89,37.76,709,14,Online,BE,5,0,0.0,55,0
T6000912,246.04,26.73,383,0,online,DE,7,0,0.0,66,0
T6000913,92.81,92.49,1163,23,POS,DE,18,0,0.0,88,0
T6000914,151.98,10.29,1728,6,Mobile,NL,13,0,0.0,126,0
T6000915,80.38,17.93,1301,0,online,NL,9,0,0.0,23,0
T6000916,149.47,56.14,2137,9,Mobile,DE,19,0,0.0,122,0
T6000917,79.04,51.33,268,23,online,DE,14,0,0.0,159,0
T6000918,73.02,31.58,1575,23,Online,FR,9,0,0.0,26,0
T6000919,358.32,36.37,2022,16,Mobile,BE,6,0,0.0,18,0
T6000920,10.3,44.01,1026,22,Online,BE,19,0,0.0,29,0
T6000921,28.94,24.83,53,22,Mobile,DE,11,0,0.0,32,0
T6000922,53.55,38.46,1583,7,online,BE,11,0,0.0,120,0
T6000923,21.45,23.74,1453,23,Mobile,NL,8,0,0.0,9,0
T6000924,29.07,82.04,1542,16,POS,NL,14,0,0.0,123,0
T6000925,41.03,26.8,1310,1,online,NL,11,0,0.0,94,0
T6000926,113.84,14.74,1969,15,Online,BE,17,0,0.0,111,56.92
T6000927,35.2,28.86,1436,21,Online,BE,12,0,0.0,129,0
T6000928,126.04,42.17,996,20,POS,DE,21,0,0.0,4,0
T6000929,26.22,12.28,2063,3,Mobile,DE,3,0,0.0,37,0
T6000930,144.97,25.07,1062,9,Mobile,NL,2,0,0.0,133,0
T6000931,18.69,39.3,2042,9,Online,NL,1,0,0.0,58,0
T6000932,83.43,35.93,2125,12,Mobile,BE,5,0,0.0,135,0
T6000933,7.62,51.23,994,15,POS,FR,12,0,0.0,80,0
T6000934,117.02,82.73,693,14,Mobile,DE,18,0,0.0,110,0
T6000935,42.63,104.58,343,4,POS,BE,16,0,0.0,16,0
T6000936,54.67,45.07,1263,2,Mobile,FR,13,0,0.0,152,0
T6000937,39.6,11.49,2070,13,POS,DE,16,0,0.0,70,0
T6000938,25.39,28.46,154,16,POS,NL,4,0,0.0,2,0
T6000939,21.78,20.17,769,12,POS,BE,23,1,16.67,29,0
T6000940,23.07,37.33,1138,10,online,DE,9,0,0.0,47,0
T6000941,23.52,27.76,1100,11,POS,FR,5,0,0.0,176,0
T6000942,71.72,11.1,2196,18,online,BE,1,0,0.0,80,0
T6000943,113.26,36.1,1584,14,Online,BE,14,0,0.0,111,0
T6000944,20.65,30.91,1632,21,Mobile,BE,2,0,0.0,6,0
T6000945,69.68,12.48,1372,0,online,FR,14,0,0.0,201,0
T6000946,44.59,95.83,658,16,POS,BE,12,0,0.0,154,0
T6000947,66.34,45.04,880,7,Mobile,NL,23,0,0.0,55,0
T6000948,156.7,14.0,1910,15,Mobile,BE,6,0,0.0,54,0
T6000949,280.04,38.52,1520,19,Mobile,BE,13,0,0.0,57,0
T6000950,85.87,70.47,240,17,POS,NL,20,0,0.0,27,0
T6000951,40.43,20.86,1037,15,Online,DE,23,0,0.0,119,0
T6000952,47.35,59.89,2002,2,Mobile,DE,13,0,0.0,121,0
T6000953,29.5,64.01,1179,20,online,BE,4,0,0.0,140,0
T6000954,14.93,59.56,392,3,POS,FR,23,0,0.0,197,0
T6000955,27.85,53.85,2133,22,POS,DE,9,0,0.0,53,0
T6000956,115.64,43.16,1628,4,Mobile,BE,19,1,112.5,125,0
T6000957,37.44,38.84,867,2,POS,DE,1,0,0.0,85,0
T6000958,6.22,35.84,830,19,Mobile,NL,1,0,0.0,25,0
T6000959,86.43,35.86,1942,17,Online,DE,2,0,0.0,198,0
T6000960,75.65,74.63,2186,9,Mobile,NL,8,0,0.0,128,0
T6000961,69.53,15.37,1855,11,online,FR,22,0,0.0,16,0
T6000962,78.58,42.55,1680,20,Mobile,BE,2,0,0.0,108,0
T6000963,48.02,42.42,1465,11,POS,NL,9,0,0.0,97,0
T6000964,53.43,29.18,1477,21,Mobile,NL,10,0,0.0,105,26.71
T6000965,61.61,51.72,1845,10,Online,DE,19,0,0.0,152,0
T6000966,63.36,46.29,1121,1,POS,NL,17,0,0.0,184,0
T6000967,37.68,27.9,2170,12,Mobile,NL,5,0,0.0,170,0
T6000968,28.71,37.41,229,23,Mobile,DE,3,0,0.0,72,0
T6000969,27.39,23.73,1054,15,online,FR,13,0,0.0,159,0
T6000970,47.65,64.99,305,16,Online,BE,7,0,0.0,46,0
T6000971,39.09,57.87,727,2,Mobile,BE,14,0,0.0,32,0
T6000972,23.2,37.58,2108,19,Mobile,FR,3,0,0.0,83,0
T6000973,39.27,32.9,2044,7,Online,DE,23,0,0.0,135,0
T6000974,134.14,37.96,579,13,POS,FR,13,0,0.0,158,0
T6000975,49.56,47.72,262,19,POS,DE,0,0,0.0,65,0
T6000976,24.33,49.34,2078,11,Online,FR,18,0,0.0,140,0
T6000977,21.87,28.42,685,23,Mobile,BE,23,0,0.0,181,0
T6000978,40.11,28.55,1302,17,POS,NL,17,0,0.0,197,0
T6000979,8.06,46.77,1060,8,POS,BE,0,0,0.0,126,0
T6000980,143.4,30.37,845,10,Mobile,DE,5,0,0.0,18,0
T6000981,79.52,49.82,1508,4,Mobile,NL,23,0,0.0,146,0
T6000982,25.06,38.88,815,19,POS,DE,10,0,0.0,103,0
T6000983,18.19,35.3,2023,22,POS,DE,13,0,0.0,86,0
T6000984,73.95,22.9,105,2,online,NL,16,1,56.49,195,0
T6000985,41.54,46.35,1426,16,online,FR,4,0,0.0,188,0
T6000986,11.57,60.33,1742,3,Online,FR,13,0,0.0,1,0
T6000987,39.79,44.28,530,17,POS,BE,11,0,0.0,99,0
T6000988,28.99,33.21,1781,14,online,NL,3,0,0.0,102,0
T6000989,103.32,53.82,530,0,Mobile,FR,2,0,0.0,118,0
T6000990,28.84,46.73,1538,21,Mobile,FR,6,0,0.0,171,0
T6000991,42.49,34.69,858,7,Mobile,FR,17,0,0.0,65,0
T6000992,104.97,35.65,1396,9,POS,NL,14,0,0.0,66,0
T6000993,109.09,22.27,426,23,POS,NL,2,0,0.0,102,0
T6000994,169.2,32.45,718,14,Online,BE,4,0,0.0,40,0
T6000995,47.64,19.45,1169,21,Mobile,FR,20,0,0.0,147,0
T6000996,10.59,20.16,1983,10,online,NL,23,0,0.0,82,0
T6000997,49.36,52.9,766,13,Mobile,NL,23,0,0.0,199,0
T6000998,36.03,45.78,2009,0,Mobile,NL,20,0,0.0,96,0
T6000999,114.41,93.93,27,0,online,DE,5,0,0.0,101,0
T6001000,147.5,9.72,84,19,Online,DE,8,0,0.0,83,0
T6001001,75.55,31.47,723,23,POS,FR,22,0,0.0,89,0
T6001002,29.12,36.18,1169,5,Mobile,BE,17,0,0.0,67,0
T6001003,45.05,33.12,197,0,Online,BE,10,0,0.0,17,0
T6001004,84.67,11.07,424,13,online,FR,9,1,74.61,8,0
T6001005,25.37,52.25,558,16,online,FR,10,0,0.0,40,0
T6001006,53.34,64.24,1734,20,Online,FR,21,0,0.0,176,26.67
T6001007,43.72,41.68,263,23,POS,NL,6,0,0.0,69,0
T6001008,21.29,55.28,1794,13,Mobile,DE,20,0,0.0,89,0
T6001009,81.36,69.37,805,6,POS,BE,16,0,0.0,16,40.68
T6001010,116.68,41.22,2190,12,Mobile,FR,6,0,0.0,184,0
T6001011,31.86,59.37,67,8,Mobile,DE,18,0,0.0,33,0
T6001012,21.48,44.22,861,19,online,DE,19,0,0.0,13,0
T6001013,32.04,32.58,960,10,POS,BE,9,0,0.0,51,16.02
T6001014,56.34,70.42,1603,17,Online,NL,5,0,0.0,208,0
T6001015,37.61,19.22,1946,10,online,FR,11,0,0.0,136,0
T6001016,67.61,13.84,259,4,Online,BE,0,0,0.0,113,0
T6001017,105.03,24.5,796,14,POS,FR,13,0,0.0,15,0
T6001018,23.59,52.49,1017,21,Mobile,BE,9,0,0.0,116,0
T6001019,84.73,18.85,2050,11,POS,NL,0,0,0.0,172,0
T6001020,142.84,64.18,1069,10,Mobile,BE,16,0,0.0,80,71.42
T6001021,78.01,30.92,1765,3,Mobile,FR,4,0,0.0,133,0
T6001022,30.1,76.82,70,4,online,FR,22,0,0.0,13,0
T6001023,32.44,57.02,1169,14,Mobile,FR,16,0,0.0,90,0
T6001024,7.81,22.78,1171,13,Mobile,FR,13,0,0.0,5,0
T6001025,133.84,39.85,1761,22,online,DE,9,0,0.0,154,0
T6001026,28.64,24.81,1135,13,Online,NL,8,0,0.0,122,0
T6001027,90.04,21.32,408,9,POS,FR,3,0,0.0,42,0
T6001028,,22.84,812,23,POS,BE,14,0,0.0,50,0
T6001029,70.0,80.29,928,16,online,DE,13,0,0.0,72,0
T6001030,22.53,66.66,141,21,online,DE,12,0,0.0,171,0
T6001031,92.38,18.07,808,10,Mobile,NL,19,0,0.0,182,0
T6001032,122.05,19.17,1443,8,online,FR,19,0,0.0,39,0
T6001033,31.84,68.11,1503,23,Mobile,DE,13,0,0.0,206,0
T6001034,18.35,26.69,430,8,Online,DE,6,0,0.0,200,0
T6001035,32.59,28.65,546,6,Mobile,DE,8,0,0.0,58,0
T6001036,98.83,23.35,466,16,online,FR,9,0,0.0,53,0
T6001037,247.89,60.39,770,13,Mobile,DE,21,0,0.0,43,123.94
T6001038,684.58,50.2,772,21,online,BE,2,0,0.0,194,0
T6001039,97.88,25.94,322,14,online,FR,7,0,0.0,193,0
T6001040,6.46,116.55,1077,22,Online,NL,17,0,0.0,50,0
T6001041,56.59,11.02,2014,17,POS,NL,13,0,0.0,41,0
T6001042,20.98,19.22,966,5,online,BE,21,0,0.0,1,0
T6001043,297.6,34.59,1459,14,Online,BE,19,0,0.0,177,0
T6001044,73.41,17.01,1078,12,Online,DE,6,0,0.0,195,0
T6001045,66.31,65.62,435,8,POS,BE,13,0,0.0,164,0
T6001046,63.96,17.7,861,11,Mobile,NL,9,0,0.0,144,0
T6001047,54.29,44.7,253,15,online,DE,11,0,0.0,15,0
T6001048,67.74,49.81,1262,21,Mobile,FR,9,0,0.0,131,0
T6001049,201.66,60.97,905,22,Mobile,FR,14,0,0.0,49,0
T6001050,6.56,17.01,173,21,Mobile,DE,18,0,0.0,196,0
T6001051,77.54,16.03,1866,7,online,FR,4,0,0.0,157,0
T6001052,72.52,8.17,1575,7,online,NL,4,0,0.0,2,0
T6001053,62.92,19.35,1353,4,online,NL,3,0,0.0,125,0
T6001054,13.56,20.04,767,11,POS,NL,20,0,0.0,149,0
T6001055,23.0,76.42,323,15,POS,DE,8,0,0.0,47,0
T6001056,189.21,113.32,1136,14,Mobile,NL,12,0,0.0,105,0
T6001057,101.96,36.0,1066,3,online,NL,11,0,0.0,85,0
T6001058,74.88,23.73,1352,5,Online,BE,18,0,0.0,151,0
T6001059,91.47,34.54,2000,12,POS,DE,23,0,0.0,169,0
T6001060,52.29,18.39,1587,22,Online,NL,18,0,0.0,37,0
T6001061,19.47,28.69,1073,10,online,NL,23,0,0.0,163,0
T6001062,108.27,30.72,1134,6,POS,NL,7,0,0.0,55,0
T6001063,190.56,16.9,971,22,POS,DE,18,0,0.0,60,0
T6001064,76.73,39.74,1661,7,online,BE,8,0,0.0,109,0
T6001065,107.41,16.95,299,8,POS,BE,8,0,0.0,31,0
T6001066,40.28,74.52,256,5,online,FR,15,0,0.0,5,0
T6001067,505.18,19.87,751,4,Mobile,BE,23,0,0.0,76,0
T6001068,105.32,30.19,1381,23,Online,BE,16,0,0.0,22,0
T6001069,200.53,22.74,1745,1,POS,BE,5,0,0.0,52,0
T6001070,17.56,29.79,1305,10,Mobile,NL,22,0,0.0,17,0
T6001071,19.58,26.22,2070,21,online,FR,22,0,0.0,85,0
T6001072,68.04,72.14,1470,9,Online,BE,4,0,0.0,88,0
T6001073,12.39,28.22,838,3,Mobile,BE,15,0,0.0,4,0
T6001074,23.44,28.65,1365,0,online,FR,0,0,0.0,76,0
T6001075,37.98,38.11,2156,4,online,NL,14,0,0.0,24,0
T6001076,31.56,36.69,1268,2,Mobile,FR,0,0,0.0,210,0
T6001077,71.86,38.78,1043,8,Mobile,DE,16,0,0.0,98,0
T6001078,25.56,79.44,2167,22,online,FR,22,0,0.0,205,0
T6001079,26.87,34.41,1995,2,Online,BE,13,0,0.0,108,0
T6001080,40.32,17.34,2091,21,POS,FR,22,0,0.0,114,0
T6001081,51.06,23.01,1917,23,Online,BE,4,0,0.0,162,0
T6001082,13.93,30.48,921,3,Mobile,NL,8,0,0.0,80,6.96
T6001083,116.63,32.37,270,20,POS,FR,11,0,0.0,35,0
T6001084,20.35,21.83,37,10,Online,DE,10,0,0.0,40,0
T6001085,62.36,59.35,748,18,POS,NL,3,0,0.0,12,0
T6001086,31.95,90.74,480,8,Online,FR,5,0,0.0,187,0
T6001087,66.6,25.4,98,15,Online,BE,6,0,0.0,114,0
T6001088,29.38,80.73,1834,6,Online,FR,19,0,0.0,34,0
T6001089,48.24,86.55,1485,22,Online,NL,5,0,0.0,181,24.12
T6001090,65.47,60.66,294,1,Online,FR,9,0,0.0,118,0
T6001091,47.15,12.94,2039,11,online,BE,11,0,0.0,145,0
T6001092,30.37,45.84,715,20,online,BE,16,0,0.0,94,0
T6001093,72.5,26.45,35,2,Mobile,DE,18,0,0.0,132,0
T6001094,14.43,46.34,881,18,POS,DE,13,0,0.0,102,0
T6001095,50.67,30.87,1742,0,Online,FR,12,0,0.0,115,0
T6001096,24.0,71.45,194,8,POS,FR,19,0,0.0,31,0
T6001097,22.85,45.36,395,6,online,DE,17,0,0.0,205,0
T6001098,46.95,56.35,1453,16,POS,FR,21,0,0.0,104,0
T6001099,70.87,57.14,670,13,Mobile,DE,10,0,0.0,158,0
T6001100,28.4,55.34,1269,6,Online,BE,18,0,0.0,94,0
T6001101,45.95,16.09,1322,9,online,FR,4,0,0.0,139,0
T6001102,11.3,15.4,1078,19,Mobile,FR,7,0,0.0,92,0
T6001103,19.16,64.97,812,23,online,NL,11,0,0.0,31,0
T6001104,310.92,19.46,511,13,Online,FR,16,0,0.0,101,0
T6001105,32.49,62.7,2056,19,online,BE,15,0,0.0,113,16.25
T6001106,45.18,52.77,1000,6,online,NL,23,0,0.0,108,0
T6001107,31.41,116.57,1331,6,online,NL,20,0,0.0,195,0
T6001108,48.99,29.41,1441,11,Mobile,NL,8,0,0.0,134,0
T6001109,115.14,136.87,413,1,POS,NL,2,0,0.0,106,0
T6001110,22.63,28.66,1020,23,Mobile,NL,8,0,0.0,186,0
T6001111,22.5,25.09,636,4,online,NL,7,0,0.0,58,0
T6001112,58.4,15.15,1704,11,Mobile,DE,1,0,0.0,130,0
T6001113,34.47,19.53,1909,11,POS,NL,10,0,0.0,121,0
T6001114,91.78,49.77,1666,11,Online,NL,9,1,85.61,111,0
T6001115,86.49,19.36,1656,15,Mobile,FR,6,0,0.0,5,0
T6001116,74.64,86.68,1398,5,online,DE,20,0,0.0,77,0
T6001117,29.7,69.2,829,5,POS,BE,18,0,0.0,206,0
T6001118,46.91,83.37,1414,13,Mobile,FR,1,0,0.0,41,0
T6001119,25.41,38.61,506,9,Mobile,BE,16,0,0.0,41,0
T6001120,37.3,14.22,1463,6,Online,NL,16,0,0.0,145,0
T6001121,53.42,41.3,38,10,Mobile,DE,20,0,0.0,68,0
T6001122,49.08,116.95,1355,21,Mobile,FR,11,0,0.0,4,0
T6001123,41.24,55.76,863,23,Online,DE,23,0,0.0,95,0
T6001124,116.67,13.21,626,13,Online,DE,4,0,0.0,102,0
T6001125,10.13,42.18,620,4,Online,FR,11,0,0.0,184,0
T6001126,40.69,21.18,370,3,online,BE,22,1,32.4,61,0
T6001127,38.37,42.47,1147,15,POS,FR,9,0,0.0,163,0
T6001128,15.53,65.92,464,16,online,NL,20,0,0.0,112,0
T6001129,53.54,39.39,1141,13,Online,DE,20,0,0.0,161,0
T6001130,40.78,35.35,256,17,online,BE,0,0,0.0,202,20.39
T6001131,18.8,25.87,2088,23,online,DE,8,0,0.0,177,0
T6001132,153.23,75.94,1554,6,Mobile,NL,3,0,0.0,127,0
T6001133,51.12,33.53,974,1,POS,FR,5,0,0.0,87,0
T6001134,33.4,18.15,440,20,online,BE,8,0,0.0,112,0
T6001135,106.5,36.89,502,8,online,NL,17,0,0.0,184,0
T6001136,31.79,59.63,632,3,POS,NL,13,0,0.0,64,0
T6001137,73.14,85.0,647,14,online,NL,2,0,0.0,7,0
T6001138,31.31,18.33,693,9,online,BE,2,0,0.0,158,0
T6001139,89.22,40.28,494,5,Mobile,NL,13,0,0.0,200,0
T6001140,76.95,24.15,2056,21,Online,BE,0,0,0.0,9,0
T6001141,31.4,27.96,673,7,online,DE,7,0,0.0,154,0
T6001142,50.77,63.98,2147,5,Online,FR,6,0,0.0,175,0
T6001143,15.76,24.65,1045,3,POS,NL,22,0,0.0,62,0
T6001144,257.96,14.23,444,19,Mobile,DE,8,0,0.0,129,0
T6001145,31.92,49.78,1357,6,online,NL,16,0,0.0,115,0
T6001146,29.28,26.75,145,9,Mobile,DE,12,0,0.0,90,0
T6001147,54.82,45.62,624,1,Online,NL,20,0,0.0,24,0
T6001148,188.65,64.82,828,4,online,NL,12,0,0.0,104,0
T6001149,31.99,54.92,304,22,Online,BE,19,0,0.0,169,0
T6001150,93.38,28.67,523,22,online,FR,23,0,0.0,11,0
T6001151,25.5,37.13,1313,4,POS,FR,8,0,0.0,14,0
T6001152,55.39,35.5,1833,0,POS,BE,18,0,0.0,110,0
T6001153,71.7,60.92,654,13,POS,NL,14,1,59.44,60,0
T6001154,29.1,33.15,1153,8,online,DE,19,0,0.0,67,0
T6001155,65.37,53.33,188,18,Online,NL,19,0,0.0,166,0
T6001156,44.44,106.96,1052,15,Online,FR,19,0,0.0,129,0
T6001157,30.66,20.88,688,15,Mobile,DE,0,0,0.0,133,0
T6001158,22.75,37.59,335,13,POS,BE,1,0,0.0,65,0
T6001159,74.34,24.39,415,6,online,BE,17,0,0.0,14,37.17
T6001160,45.14,23.29,1622,18,Mobile,NL,4,0,0.0,32,0
T6001161,105.57,29.0,203,18,online,BE,14,0,0.0,202,0
T6001162,33.67,81.58,468,17,Mobile,FR,21,0,0.0,78,0
T6001163,127.27,20.86,1806,21,POS,DE,1,0,0.0,175,0
T6001164,32.25,22.54,1,23,Online,DE,3,0,0.0,14,0
T6001165,130.75,36.1,94,13,Online,BE,15,0,0.0,3,0
T6001166,29.83,70.71,18,13,Online,BE,16,0,0.0,151,0
T6001167,145.02,98.59,630,7,Online,DE,0,0,0.0,167,0
T6001168,93.05,15.49,468,15,POS,NL,18,0,0.0,81,0
T6001169,15.78,19.71,2074,7,online,NL,21,0,0.0,10,0
T6001170,52.73,39.61,245,0,Mobile,DE,8,0,0.0,111,0
T6001171,58.97,64.09,1829,14,Online,FR,21,0,0.0,113,0
T6001172,157.26,31.04,673,18,online,BE,6,0,0.0,24,0
T6001173,190.91,16.32,158,21,POS,NL,13,0,0.0,30,0
T6001174,103.76,28.76,1414,2,Mobile,DE,3,0,0.0,166,0
T6001175,39.5,14.71,860,4,online,BE,6,0,0.0,120,19.75
T6001176,15.11,67.11,448,22,Online,BE,7,0,0.0,160,0
T6001177,17.19,15.87,746,19,POS,BE,0,0,0.0,54,0
T6001178,211.13,6.49,1680,22,POS,BE,11,1,160.09,36,0
T6001179,60.26,68.21,1027,11,Mobile,NL,13,0,0.0,102,30.13
T6001180,56.9,59.35,2127,18,Mobile,NL,3,0,0.0,199,0
T6001181,33.28,31.49,497,18,Online,NL,3,0,0.0,171,0
T6001182,28.2,121.35,1810,9,Mobile,NL,16,0,0.0,167,0
T6001183,27.01,55.62,1935,3,POS,FR,14,0,0.0,52,0
T6001184,13.74,117.48,355,12,POS,FR,21,0,0.0,19,0
T6001185,130.15,62.04,406,21,POS,NL,3,0,0.0,108,0
T6001186,24.07,119.32,2108,13,Online,NL,11,0,0.0,140,0
T6001187,24.36,47.98,344,22,online,DE,9,0,0.0,75,0
T6001188,21.52,41.78,434,23,POS,DE,9,0,0.0,20,0
T6001189,37.09,24.3,1511,13,Online,FR,6,0,0.0,35,0
T6001190,13.06,51.83,2199,14,online,NL,5,0,0.0,182,0
T6001191,6.15,23.71,1697,10,Mobile,FR,12,0,0.0,142,0
T6001192,60.51,56.78,1317,12,Online,NL,7,0,0.0,208,0
T6001193,200.67,16.77,311,23,online,NL,0,0,0.0,159,100.33
T6001194,33.45,26.46,1958,9,Mobile,BE,16,0,0.0,190,0
T6001195,61.57,66.12,351,4,online,NL,2,0,0.0,7,0
T6001196,56.93,30.73,811,0,online,NL,22,0,0.0,132,0
T6001197,157.99,56.84,2031,11,online,BE,23,0,0.0,144,0
T6001198,54.24,23.28,204,11,Mobile,FR,11,0,0.0,85,0
T6001199,23.31,17.1,1434,4,POS,DE,8,0,0.0,154,0
T6001200,123.71,27.84,754,5,Online,NL,20,0,0.0,96,0
T6001201,17.36,42.3,1405,12,POS,DE,19,0,0.0,82,0
T6001202,115.9,14.65,2193,5,Online,DE,22,0,0.0,147,0
T6001203,39.58,33.52,802,21,Online,NL,19,0,0.0,145,0
T6001204,134.9,11.86,509,12,online,BE,6,0,0.0,40,0
T6001205,43.15,30.76,1638,17,Online,FR,16,0,0.0,12,0
T6001206,31.4,27.38,101,23,Online,DE,18,0,0.0,183,0
T6001207,40.87,29.56,2031,4,POS,FR,7,0,0.0,51,0
T6001208,102.35,28.02,1792,11,POS,NL,12,0,0.0,194,0
T6001209,29.52,14.41,405,0,ONLINE,NL,10,0,0.0,146,0
T6001210,22.17,46.24,1648,21,online,DE,23,0,0.0,32,0
T6001211,138.11,35.04,193,20,online,NL,1,0,0.0,38,0
T6001212,20.73,36.07,1568,15,Online,BE,6,0,0.0,31,0
T6001213,42.84,46.43,1598,4,POS,BE,11,0,0.0,90,0
T6001214,122.09,99.74,11,12,Online,NL,10,1,99.39,21,0
T6001215,46.94,12.34,848,0,POS,FR,16,1,46.18,151,0
T6001216,52.27,37.24,136,1,Online,NL,2,0,0.0,186,0
T6001217,49.19,12.39,1411,9,POS,NL,17,0,0.0,89,0
T6001218,28.47,29.84,867,10,Mobile,BE,7,0,0.0,25,0
T6001219,16.74,22.41,2076,12,Online,NL,19,0,0.0,72,0
T6001220,69.24,21.84,47,0,online,NL,2,0,0.0,96,0
T6001221,58.16,31.42,529,3,Online,DE,12,0,0.0,2,0
T6001222,81.71,50.17,732,10,Online,DE,9,0,0.0,142,0
T6001223,48.11,122.26,436,6,POS,NL,22,0,0.0,131,0
T6001224,446.12,31.8,1359,7,Mobile,FR,14,0,0.0,29,0
T6001225,61.44,49.87,21,2,online,BE,17,0,0.0,98,0
T6001226,104.0,87.04,511,3,Mobile,FR,23,0,0.0,94,0
T6001227,37.2,19.29,1942,20,POS,DE,17,0,0.0,188,0
T6001228,22.7,18.26,194,22,online,NL,9,0,0.0,3,0
T6001229,37.32,30.77,76,6,Mobile,BE,4,0,0.0,83,0
T6001230,80.37,25.38,382,4,Online,BE,21,0,0.0,145,0
T6001231,22.71,46.1,388,15,Online,NL,12,0,0.0,72,0
T6001232,33.73,25.99,580,3,Online,DE,10,0,0.0,142,0
T6001233,15.8,21.47,1076,14,Mobile,FR,0,0,0.0,87,0
T6001234,30.15,18.83,1860,17,Online,BE,7,0,0.0,140,0
T6001235,156.7,19.65,1066,2,Mobile,BE,5,0,0.0,177,0
T6001236,187.84,26.52,2121,23,online,FR,14,0,0.0,97,0
T6001237,110.95,9.12,1015,10,online,DE,14,0,0.0,100,0
T6001238,28.02,16.32,784,11,Online,NL,13,0,0.0,43,0
T6001239,31.1,25.73,1198,9,online,BE,7,0,0.0,37,0
T6001240,50.73,36.09,618,7,POS,BE,19,0,0.0,14,25.36
T6001241,105.76,42.36,1750,11,POS,FR,1,0,0.0,186,52.88
T6001242,142.19,39.97,1256,6,Mobile,DE,21,0,0.0,40,0
T6001243,49.72,31.48,838,8,Mobile,NL,13,0,0.0,183,0
T6001244,48.18,33.88,604,6,POS,BE,3,0,0.0,102,0
T6001245,44.17,29.12,34,20,Online,DE,22,0,0.0,152,0
T6001246,201.79,16.87,1339,20,POS,NL,13,0,0.0,3,0
T6001247,188.13,35.7,886,10,online,NL,3,0,0.0,19,0
T6001248,18.93,49.88,2151,17,Mobile,FR,8,0,0.0,56,0
T6001249,24.32,34.09,1271,6,POS,NL,1,0,0.0,130,0
T6001250,28.26,21.61,1535,8,Mobile,NL,23,0,0.0,97,0
T6001251,157.98,26.99,1601,10,POS,DE,21,0,0.0,160,0
T6001252,38.03,12.17,2115,22,Online,NL,21,0,0.0,171,0
T6001253,41.32,30.1,710,16,POS,DE,21,0,0.0,156,0
T6001254,73.5,32.94,447,23,online,BE,20,0,0.0,71,0
T6001255,29.68,47.87,402,16,Mobile,DE,1,0,0.0,192,0
T6001256,47.45,22.48,1487,12,Mobile,FR,0,0,0.0,175,0
T6001257,22.76,28.15,1935,3,Mobile,FR,16,0,0.0,76,0
T6001258,97.31,16.52,1920,14,Mobile,NL,19,0,0.0,37,0
T6001259,118.33,92.57,162,15,Mobile,BE,20,0,0.0,62,0
T6001260,96.27,51.92,1481,19,online,BE,1,0,0.0,101,0
T6001261,16.85,44.23,1906,23,Mobile,FR,20,0,0.0,99,0
T6001262,69.76,61.98,779,16,Online,NL,11,0,0.0,140,0
T6001263,19.34,24.62,1301,4,POS,DE,8,0,0.0,160,0
T6001264,43.88,28.66,199,17,Online,FR,11,0,0.0,2,0
T6001265,45.47,45.94,1244,5,POS,NL,10,0,0.0,119,22.73
T6001266,13.72,24.92,1750,5,POS,BE,6,0,0.0,44,6.86
T6001267,14.28,17.9,496,8,Online,FR,2,0,0.0,7,0
T6001268,16.43,51.75,395,9,POS,DE,13,0,0.0,15,0
T6001269,11.75,59.71,1394,22,Mobile,FR,5,0,0.0,144,0
T6001270,12.03,29.49,1715,2,POS,DE,18,1,9.77,122,0
T6001271,6.57,29.83,1923,1,online,NL,6,0,0.0,49,0
T6001272,17.84,24.5,1377,18,online,FR,12,0,0.0,41,0
T6001273,41.83,57.75,1192,3,online,DE,14,0,0.0,26,0
T6001274,30.61,15.38,43,23,Online,FR,19,0,0.0,10,0
T6001275,56.5,56.75,1187,9,POS,DE,9,0,0.0,182,0
T6001276,61.95,32.34,651,12,online,BE,15,0,0.0,65,0
T6001277,70.78,42.28,2141,2,Mobile,NL,13,0,0.0,168,0
T6001278,25.54,31.5,661,7,Mobile,DE,19,0,0.0,160,0
T6001279,115.11,48.35,1195,17,Mobile,NL,1,0,0.0,148,0
T6001280,47.52,39.99,770,4,Online,DE,6,0,0.0,76,0
T6001281,36.73,80.12,1544,14,Online,BE,19,0,0.0,2,0
T6001282,25.46,31.32,1784,14,POS,BE,23,0,0.0,189,0
T6001283,8.7,28.31,1714,21,online,BE,9,0,0.0,5,0
T6001284,82.07,126.54,497,9,Online,BE,0,0,0.0,53,0
T6001285,,25.32,986,17,online,DE,5,0,0.0,148,0
T6001286,23.08,32.21,1114,7,Mobile,DE,6,0,0.0,186,0
T6001287,53.69,100.36,337,5,online,FR,20,0,0.0,120,0
T6001288,74.12,14.39,109,2,Online,NL,14,0,0.0,13,0
T6001289,6.55,8.09,1557,11,POS,DE,22,0,0.0,145,0
T6001290,9.27,43.22,1232,14,online,NL,15,0,0.0,114,0
T6001291,127.4,25.93,234,9,online,BE,15,0,0.0,121,0
T6001292,51.54,45.85,1603,16,POS,NL,3,0,0.0,184,0
T6001293,106.61,53.4,1090,10,Mobile,NL,17,0,0.0,19,0
T6001294,83.7,14.37,1578,19,Mobile,NL,13,0,0.0,3,0
T6001295,27.26,47.59,938,2,POS,NL,16,0,0.0,60,0
T6001296,48.65,16.5,2124,23,Mobile,NL,0,0,0.0,184,24.32
T6001297,83.14,8.73,1135,13,Mobile,DE,20,0,0.0,103,0
T6001298,18.0,57.71,1341,11,Mobile,FR,2,0,0.0,111,0
T6001299,75.49,42.78,1931,9,Online,DE,10,0,0.0,119,0
T6001300,31.9,44.98,1517,16,POS,BE,12,0,0.0,173,0
T6001301,81.4,52.17,31,10,Online,FR,21,0,0.0,9,40.7
T6001302,54.2,23.45,1974,20,online,NL,10,0,0.0,31,0
T6001303,15.67,83.01,1567,11,online,DE,1,0,0.0,174,0
T6001304,36.28,15.57,1579,11,online,NL,5,0,0.0,118,0
T6001305,111.23,14.43,932,18,Online,FR,11,0,0.0,130,0
T6001306,30.71,78.86,1377,8,online,DE,20,0,0.0,35,0
T6001307,73.13,21.94,2105,8,online,BE,16,0,0.0,171,0
T6001308,51.3,34.53,497,15,Online,NL,4,0,0.0,16,0
T6001309,43.85,18.51,551,2,Mobile,FR,7,0,0.0,70,0
T6001310,85.9,54.72,1803,16,online,BE,19,0,0.0,121,0
T6001311,30.23,35.52,1953,18,online,DE,1,0,0.0,135,0
T6001312,17.14,32.99,1977,16,POS,NL,13,0,0.0,46,0
T6001313,192.09,16.73,555,3,online,NL,18,0,0.0,102,0
T6001314,13.39,49.4,1715,14,POS,DE,1,0,0.0,16,0
T6001315,60.84,38.04,926,16,Online,DE,8,0,0.0,65,0
T6001316,148.1,36.53,2081,12,POS,FR,17,0,0.0,13,0
T6001317,117.82,19.1,1883,22,POS,BE,14,0,0.0,146,0
T6001318,37.24,32.61,157,1,Online,BE,8,0,0.0,115,0
T6001319,68.15,30.94,918,22,online,BE,21,0,0.0,121,0
T6001320,97.12,51.78,1966,1,Mobile,FR,13,0,0.0,209,0
T6001321,40.27,34.67,782,22,POS,FR,15,0,0.0,171,0
T6001322,51.56,33.3,884,22,POS,NL,4,1,38.22,12,0
T6001323,116.06,56.7,2088,16,POS,BE,9,0,0.0,173,0
T6001324,9.4,27.52,614,18,Mobile,FR,16,0,0.0,78,0
T6001325,49.37,15.65,1111,7,Online,FR,23,0,0.0,113,24.68
T6001326,20.99,23.93,147,4,Mobile,NL,19,0,0.0,69,0
T6001327,109.65,29.42,1967,14,POS,BE,7,0,0.0,42,0
T6001328,77.14,42.11,509,20,Online,BE,13,0,0.0,1,0
T6001329,38.12,49.89,1703,1,Mobile,FR,10,0,0.0,37,0
T6001330,40.32,18.86,409,7,Mobile,DE,7,0,0.0,124,0
T6001331,41.0,23.89,737,14,Online,FR,6,0,0.0,92,0
T6001332,71.55,33.64,1528,3,POS,NL,5,0,0.0,147,0
T6001333,22.14,41.13,656,1,POS,DE,23,0,0.0,90,0
T6001334,73.09,13.6,1878,1,online,BE,3,0,0.0,71,0
T6001335,91.6,34.91,1225,0,Online,BE,6,0,0.0,16,0
T6001336,87.62,60.32,317,15,online,NL,8,0,0.0,19,0
T6001337,85.7,32.7,1000,6,Online,NL,14,0,0.0,200,0
T6001338,61.47,22.9,985,10,Online,FR,9,0,0.0,164,0
T6001339,35.62,56.43,1754,13,POS,NL,1,1,28.22,11,0
T6001340,18.9,27.49,1755,2,Online,NL,23,0,0.0,96,0
T6001341,132.04,9.17,1958,0,Mobile,DE,2,0,0.0,150,0
T6001342,103.37,53.46,1453,3,online,FR,23,0,0.0,71,0
T6001343,6.5,32.18,663,13,POS,NL,16,0,0.0,187,0
T6001344,69.76,49.04,305,4,POS,DE,3,0,0.0,47,0
T6001345,186.22,92.39,1005,13,Online,DE,6,0,0.0,60,93.11
T6001346,41.72,12.84,1664,13,POS,NL,11,0,0.0,95,0
T6001347,12.65,25.06,2089,15,POS,NL,2,1,12.53,73,0
T6001348,38.24,73.63,1357,18,POS,BE,2,0,0.0,183,0
T6001349,56.17,42.22,499,22,Online,NL,1,0,0.0,127,0
T6001350,28.09,28.75,1079,21,Online,NL,13,0,0.0,178,0
T6001351,181.09,14.88,2001,0,POS,DE,2,0,0.0,154,0
T6001352,7.79,8.34,411,23,Online,FR,13,0,0.0,113,0
T6001353,55.48,17.23,2138,21,Online,BE,14,0,0.0,177,0
T6001354,165.66,18.16,1407,5,online,BE,1,0,0.0,141,0
T6001355,165.77,54.67,748,17,Online,DE,16,0,0.0,107,0
T6001356,296.19,49.65,1821,14,POS,NL,0,0,0.0,138,0
T6001357,86.57,26.82,336,16,online,DE,18,0,0.0,143,0
T6001358,44.46,37.9,339,7,Mobile,NL,7,0,0.0,191,0
T6001359,15.82,19.67,2042,14,online,BE,17,0,0.0,32,0
T6001360,32.17,30.52,1903,11,POS,DE,2,1,29.1,128,0
T6001361,263.16,38.83,1499,19,Online,DE,0,0,0.0,45,0
T6001362,44.13,29.73,740,2,Mobile,FR,22,0,0.0,33,0
T6001363,17.46,13.57,109,1,online,FR,3,0,0.0,103,0
T6001364,10.51,63.99,1646,0,POS,DE,11,0,0.0,21,0
T6001365,76.87,137.94,581,1,online,NL,7,0,0.0,144,0
T6001366,234.23,31.84,1867,10,online,BE,11,0,0.0,19,0
T6001367,64.18,19.46,1486,3,Mobile,FR,16,0,0.0,190,0
T6001368,59.72,37.1,1768,11,POS,NL,7,0,0.0,74,0
T6001369,56.82,35.15,1673,2,Mobile,FR,13,0,0.0,151,28.41
T6001370,54.66,62.44,2067,22,Mobile,BE,21,0,0.0,58,0
T6001371,21.09,25.76,1258,15,online,DE,4,0,0.0,139,0
T6001372,51.16,26.3,894,20,Mobile,NL,8,0,0.0,199,0
T6001373,18.72,47.59,576,12,POS,FR,6,0,0.0,57,0
T6001374,35.29,33.48,2046,11,POS,BE,11,0,0.0,46,0
T6001375,30.66,47.11,1141,22,POS,NL,17,0,0.0,132,0
T6001376,4.99,41.05,1274,13,Mobile,BE,17,0,0.0,102,0
T6001377,34.63,23.18,1937,2,Online,NL,6,0,0.0,22,0
T6001378,21.85,17.03,2056,6,online,DE,23,0,0.0,191,0
T6001379,153.95,80.37,1272,11,Online,FR,11,0,0.0,209,0
T6001380,32.41,69.35,627,22,Online,DE,19,0,0.0,72,0
T6001381,47.74,29.11,1627,21,online,NL,9,0,0.0,26,0
T6001382,56.85,34.49,622,22,Online,NL,16,0,0.0,54,0
T6001383,33.3,31.62,1993,2,POS,DE,21,0,0.0,138,0
T6001384,66.76,23.57,225,11,Mobile,NL,17,0,0.0,154,0
T6001385,25.57,50.37,1808,13,Online,DE,23,0,0.0,119,0
T6001386,68.03,13.57,64,13,Mobile,NL,0,0,0.0,93,0
T6001387,465.55,10.17,1677,2,Online,FR,3,0,0.0,56,0
T6001388,63.04,29.27,1310,1,Online,NL,5,0,0.0,162,0
T6001389,38.82,29.0,284,17,online,FR,0,0,0.0,169,0
T6001390,25.51,23.9,932,7,POS,BE,15,0,0.0,161,0
T6001391,42.16,61.9,926,12,POS,DE,19,0,0.0,56,0
T6001392,39.76,34.46,805,12,online,NL,9,0,0.0,169,0
T6001393,71.48,20.0,1823,1,Online,DE,23,0,0.0,81,0
T6001394,59.93,37.17,1764,7,Online,BE,18,0,0.0,172,0
T6001395,106.4,17.56,1004,3,Online,FR,16,0,0.0,104,0
T6001396,104.09,26.1,800,7,POS,BE,10,0,0.0,77,0
T6001397,83.0,14.13,2194,17,Mobile,FR,18,0,0.0,14,0
T6001398,78.05,43.24,1637,21,POS,FR,18,0,0.0,15,0
T6001399,13.57,37.7,2033,22,Online,FR,5,0,0.0,50,0
T6001400,117.79,34.67,208,17,online,NL,12,1,89.74,182,0
T6001401,398.2,48.53,405,20,online,NL,6,0,0.0,197,0
T6001402,29.33,45.6,140,17,Online,FR,14,0,0.0,164,0
T6001403,140.3,18.09,1419,19,POS,NL,9,0,0.0,192,0
T6001404,90.09,10.46,947,17,Mobile,FR,6,0,0.0,156,0
T6001405,66.51,17.61,834,6,Mobile,NL,2,0,0.0,103,0
T6001406,63.73,58.94,1659,9,online,NL,2,0,0.0,182,0
T6001407,25.31,26.12,1240,12,online,BE,5,0,0.0,78,0
T6001408,43.52,21.03,1816,1,POS,DE,2,0,0.0,26,0
T6001409,224.43,37.99,1079,13,POS,FR,1,0,0.0,133,0
T6001410,68.16,22.21,2066,3,Online,DE,20,0,0.0,69,34.08
T6001411,68.57,30.91,1910,18,Online,NL,6,0,0.0,38,0
T6001412,87.12,17.88,1422,16,Online,BE,8,0,0.0,140,0
T6001413,29.01,38.76,1370,22,POS,NL,0,0,0.0,166,0
T6001414,42.02,26.01,2031,21,Mobile,FR,17,0,0.0,160,0
T6001415,88.26,31.8,786,12,Mobile,FR,7,0,0.0,154,0
T6001416,285.17,21.77,33,7,POS,FR,0,0,0.0,73,0
T6001417,72.27,31.49,927,14,online,FR,4,0,0.0,108,0
T6001418,28.98,46.72,131,3,POS,NL,21,0,0.0,123,0
T6001419,83.56,29.91,143,16,POS,DE,2,0,0.0,20,0
T6001420,107.84,24.98,1897,8,Mobile,BE,11,0,0.0,123,0
T6001421,22.22,43.01,160,17,Mobile,BE,0,0,0.0,1,0
T6001422,14.05,15.3,92,19,POS,FR,8,0,0.0,75,0
T6001423,11.58,31.47,1922,12,POS,DE,6,0,0.0,123,0
T6001424,61.65,67.91,179,1,Online,FR,1,0,0.0,201,0
T6001425,11.38,24.26,1349,2,Online,FR,6,0,0.0,88,0
T6001426,36.87,15.82,1227,14,POS,DE,8,0,0.0,45,0
T6001427,16.11,45.43,650,7,POS,FR,3,0,0.0,94,0
T6001428,10.15,20.61,1195,20,Mobile,NL,5,0,0.0,40,0
T6001429,134.49,21.44,1159,15,POS,NL,15,0,0.0,91,0
T6001430,22.48,10.4,2084,5,POS,FR,15,0,0.0,183,0
T6001431,26.41,19.08,2121,2,online,NL,20,0,0.0,144,0
T6001432,45.44,28.12,2022,20,POS,DE,19,0,0.0,176,0
T6001433,36.41,26.24,798,4,Online,NL,11,0,0.0,179,0
T6001434,41.94,38.44,498,9,Online,FR,17,0,0.0,47,0
T6001435,36.67,29.29,530,21,online,NL,11,0,0.0,78,0
T6001436,87.86,14.79,2107,1,POS,NL,1,0,0.0,50,0
T6001437,57.51,28.92,141,6,POS,FR,18,0,0.0,118,0
T6001438,35.68,48.2,176,2,Mobile,NL,2,0,0.0,103,0
T6001439,19.18,20.0,784,17,POS,BE,6,0,0.0,111,0
T6001440,17.05,51.42,51,1,POS,FR,17,0,0.0,49,0
T6001441,58.18,32.69,1145,6,online,FR,22,0,0.0,34,0
T6001442,68.5,14.86,1323,22,Online,DE,11,0,0.0,95,34.25
T6001443,51.3,36.48,169,13,POS,FR,12,0,0.0,106,0
T6001444,135.2,57.17,1151,10,online,DE,20,0,0.0,169,67.6
T6001445,31.56,75.75,1667,14,POS,DE,17,0,0.0,84,0
T6001446,26.14,104.9,1165,9,Online,DE,20,0,0.0,50,0
T6001447,30.73,40.02,1698,16,POS,NL,8,0,0.0,44,0
T6001448,21.4,13.49,1951,5,online,DE,7,0,0.0,27,0
T6001449,9.75,19.59,1416,16,Mobile,DE,19,0,0.0,182,0
T6001450,32.79,31.92,456,17,Mobile,FR,9,0,0.0,210,0
T6001451,31.05,31.33,1470,20,online,DE,0,0,0.0,154,0
T6001452,50.06,25.74,1921,10,POS,FR,21,0,0.0,111,0
T6001453,76.81,39.14,1165,14,online,DE,15,0,0.0,93,0
T6001454,18.28,43.07,45,4,POS,DE,19,0,0.0,119,0
T6001455,18.42,29.4,817,14,online,DE,17,0,0.0,147,0
T6001456,67.47,53.45,1984,3,POS,DE,6,0,0.0,125,0
T6001457,158.91,35.69,1765,13,Mobile,BE,3,0,0.0,26,0
T6001458,70.27,22.6,193,2,online,FR,10,0,0.0,168,0
T6001459,42.31,34.19,275,21,online,BE,3,0,0.0,67,0
T6001460,61.66,19.67,1758,19,POS,BE,5,0,0.0,163,0
T6001461,24.68,40.91,437,20,online,DE,0,0,0.0,52,0
T6001462,36.54,22.18,517,5,online,FR,14,0,0.0,187,0
T6001463,43.74,43.88,1742,10,online,NL,19,0,0.0,208,0
T6001464,27.84,41.5,1733,19,Online,BE,6,0,0.0,151,0
T6001465,134.51,33.71,145,9,Online,NL,18,0,0.0,209,0
T6001466,402.84,64.69,1410,21,online,DE,15,0,0.0,93,0
T6001467,328.73,26.6,1706,8,Online,BE,17,0,0.0,103,164.37
T6001468,47.91,13.69,452,18,online,DE,4,0,0.0,58,0
T6001469,52.43,51.19,1361,8,online,BE,13,0,0.0,184,0
T6001470,29.54,26.21,2061,0,online,FR,21,0,0.0,31,0
T6001471,42.3,27.84,624,7,online,FR,6,0,0.0,163,0
T6001472,76.9,62.26,1092,23,Mobile,BE,8,0,0.0,200,0
T6001473,45.53,67.43,1593,17,Online,BE,11,0,0.0,29,0
T6001474,51.9,66.46,476,10,online,BE,18,0,0.0,177,0
T6001475,62.6,49.33,2050,15,Mobile,BE,21,0,0.0,140,0
T6001476,17.04,36.23,43,21,POS,NL,5,0,0.0,28,0
T6001477,32.12,29.84,1524,0,Online,BE,0,0,0.0,56,0
T6001478,57.34,32.09,458,0,online,DE,0,0,0.0,205,28.67
T6001479,31.79,27.39,453,13,online,NL,2,0,0.0,201,0
T6001480,111.41,19.88,1741,4,Online,FR,14,0,0.0,165,0
T6001481,288.17,72.01,1984,23,Mobile,DE,13,0,0.0,131,0
T6001482,248.91,20.26,2162,5,Mobile,NL,14,0,0.0,10,0
T6001483,18.93,89.84,1608,10,POS,BE,8,0,0.0,58,9.46
T6001484,13.97,53.09,1246,0,Online,FR,4,0,0.0,16,0
T6001485,85.06,9.72,215,18,Mobile,DE,3,0,0.0,85,42.53
T6001486,29.78,28.97,7,13,Mobile,FR,6,0,0.0,193,0
T6001487,24.53,47.26,1641,8,online,DE,9,0,0.0,90,0
T6001488,73.92,26.38,1618,14,online,BE,14,0,0.0,109,0
T6001489,23.2,40.88,285,16,POS,NL,11,1,20.72,57,0
T6001490,15.89,28.42,1371,6,POS,FR,22,0,0.0,162,0
T6001491,62.61,38.3,1688,9,online,BE,2,0,0.0,94,0
T6001492,69.66,35.25,99,13,online,BE,17,0,0.0,175,0
T6001493,53.24,48.43,1147,14,Online,DE,13,0,0.0,115,0
T6001494,5.77,16.61,421,18,online,DE,13,0,0.0,106,0
T6001495,236.16,66.64,451,17,POS,DE,18,0,0.0,12,0
T6001496,53.93,26.88,519,23,POS,BE,13,0,0.0,42,0
T6001497,126.73,14.63,324,8,Online,BE,1,0,0.0,93,0
T6001498,26.49,82.6,2035,14,Online,NL,23,0,0.0,104,0
T6001499,27.39,19.53,1269,17,Online,FR,19,0,0.0,193,0
T6001500,110.41,20.56,1463,19,Online,NL,6,1,94.12,114,0
T6001501,56.66,14.59,1560,3,POS,BE,19,0,0.0,15,28.33
T6001502,73.46,31.26,15,23,POS,NL,1,0,0.0,205,0
T6001503,200.5,24.08,42,15,online,NL,0,0,0.0,161,0
T6001504,124.38,43.02,1865,3,Mobile,NL,13,0,0.0,129,0
T6001505,58.18,19.35,49,22,Online,DE,23,0,0.0,19,0
T6001506,41.52,25.76,2103,9,Online,NL,6,0,0.0,83,20.76
T6001507,18.04,95.97,1166,22,POS,FR,15,0,0.0,88,0
T6001508,55.46,66.0,298,15,Online,FR,19,0,0.0,184,0
T6001509,52.13,34.38,2097,11,online,BE,6,0,0.0,25,0
T6001510,88.37,21.48,1280,21,Online,DE,8,0,0.0,122,0
T6001511,18.77,53.3,382,11,Online,BE,0,0,0.0,164,0
T6001512,35.39,19.93,919,8,online,DE,2,0,0.0,35,0
T6001513,20.61,51.19,2021,22,Online,BE,10,0,0.0,107,0
T6001514,26.4,16.87,998,23,Mobile,FR,19,0,0.0,118,0
T6001515,49.32,37.6,493,20,online,NL,12,0,0.0,80,0
T6001516,22.13,59.89,831,9,online,NL,1,0,0.0,121,0
T6001517,40.75,28.78,392,14,Mobile,DE,13,0,0.0,33,0
T6001518,65.87,7.35,386,16,Mobile,BE,18,0,0.0,57,0
T6001519,58.75,27.03,1159,17,online,NL,2,0,0.0,102,0
T6001520,16.53,34.91,413,5,Online,DE,21,0,0.0,6,0
T6001521,29.48,40.06,2104,13,online,DE,8,0,0.0,69,0
T6001522,24.23,18.86,1995,17,online,NL,2,0,0.0,25,0
T6001523,88.45,46.86,1888,23,POS,FR,10,0,0.0,53,0
T6001524,15.86,30.41,753,20,Mobile,NL,22,0,0.0,19,0
T6001525,338.42,21.29,722,19,Online,FR,23,0,0.0,40,0
T6001526,36.24,18.16,1051,6,POS,FR,13,0,0.0,72,0
T6001527,19.35,62.2,785,12,Online,FR,5,0,0.0,132,0
T6001528,31.68,25.02,788,18,Mobile,FR,3,0,0.0,23,0
T6001529,46.99,14.54,2048,1,online,BE,14,0,0.0,101,0
T6001530,20.77,16.67,1727,14,online,FR,1,0,0.0,85,0
T6001531,19.22,23.64,204,6,POS,DE,4,0,0.0,57,0
T6001532,25.05,19.31,1847,23,online,BE,16,0,0.0,137,0
T6001533,49.66,26.29,2126,9,Mobile,NL,8,0,0.0,68,0
T6001534,62.67,125.77,13,0,Mobile,DE,11,0,0.0,202,0
T6001535,18.1,28.84,1421,22,Online,BE,15,1,13.62,145,0
T6001536,51.34,33.85,1969,8,Online,NL,18,0,0.0,184,0
T6001537,79.31,76.2,421,7,Mobile,BE,7,0,0.0,17,0
T6001538,87.69,21.23,297,1,POS,FR,1,0,0.0,14,0
T6001539,65.25,22.78,170,14,online,NL,9,0,0.0,77,0
T6001540,27.62,27.64,132,13,Online,BE,4,0,0.0,126,0
T6001541,49.15,22.0,546,21,Online,BE,12,0,0.0,37,0
T6001542,,70.75,1606,10,Mobile,NL,5,0,0.0,61,0
T6001543,42.83,26.05,777,6,POS,NL,22,0,0.0,15,0
T6001544,33.51,15.11,73,15,Online,BE,9,0,0.0,36,0
T6001545,49.78,34.96,250,21,Online,DE,5,0,0.0,25,0
T6001546,46.55,20.61,2098,13,Mobile,DE,12,0,0.0,46,0
T6001547,72.82,24.54,1182,22,Mobile,DE,2,0,0.0,172,0
T6001548,11.03,20.0,435,23,Online,FR,13,0,0.0,170,0
T6001549,55.8,38.43,315,6,Online,FR,23,0,0.0,192,0
T6001550,54.79,17.03,1557,13,online,FR,5,0,0.0,15,27.39
T6001551,112.89,66.67,1449,8,Online,FR,0,0,0.0,156,0
T6001552,28.56,36.03,1592,15,Mobile,NL,3,0,0.0,192,0
T6001553,50.47,23.9,71,16,Online,NL,9,0,0.0,17,0
T6001554,37.91,17.39,12,13,POS,BE,22,0,0.0,171,0
T6001555,25.84,11.42,460,12,POS,BE,16,0,0.0,42,0
T6001556,72.2,25.8,857,1,online,DE,17,0,0.0,200,0
T6001557,100.72,18.49,1214,4,Mobile,NL,6,0,0.0,136,0
T6001558,37.01,30.5,834,4,POS,NL,18,0,0.0,97,0
T6001559,36.21,28.4,732,6,POS,DE,10,0,0.0,15,0
T6001560,80.47,50.33,2126,19,online,BE,13,0,0.0,139,0
T6001561,27.43,33.01,1104,14,online,BE,23,0,0.0,44,0
T6001562,347.72,98.66,1885,8,POS,NL,21,0,0.0,53,0
T6001563,25.4,24.08,1321,0,Mobile,DE,18,0,0.0,12,0
T6001564,73.13,16.58,1885,7,online,DE,21,0,0.0,8,0
T6001565,126.26,69.44,1575,6,POS,NL,10,0,0.0,103,0
T6001566,8.24,23.11,1685,7,Mobile,BE,14,0,0.0,48,0
T6001567,111.81,41.93,1629,17,POS,BE,4,0,0.0,58,0
T6001568,117.83,21.03,1562,18,Mobile,DE,12,0,0.0,173,0
T6001569,49.18,31.29,964,9,Online,NL,22,0,0.0,181,0
T6001570,12.31,30.31,73,14,Online,NL,9,0,0.0,47,0
T6001571,69.95,11.92,1485,17,Online,NL,19,0,0.0,122,0
T6001572,70.15,27.59,1151,14,Mobile,BE,6,0,0.0,144,0
T6001573,70.62,13.1,1091,1,Mobile,NL,23,0,0.0,110,0
T6001574,39.33,54.54,1213,6,POS,DE,3,0,0.0,201,0
T6001575,267.64,10.07,29,21,online,NL,7,0,0.0,32,0
T6001576,101.25,15.68,89,12,online,NL,9,0,0.0,204,0
T6001577,80.73,64.08,1329,11,online,DE,20,0,0.0,202,0
T6001578,156.41,22.96,530,6,online,NL,9,0,0.0,127,0
T6001579,45.69,40.23,1787,17,Mobile,DE,9,0,0.0,71,0
T6001580,43.85,36.02,1645,9,online,FR,20,0,0.0,107,0
T6001581,102.3,31.49,123,20,Online,NL,1,0,0.0,127,0
T6001582,337.15,16.05,1791,19,POS,BE,20,0,0.0,117,0
T6001583,17.62,42.45,1687,15,Mobile,DE,8,0,0.0,25,0
T6001584,19.83,21.69,2170,2,POS,FR,22,0,0.0,59,0
T6001585,22.06,7.4,1702,17,Mobile,NL,1,0,0.0,207,0
T6001586,229.88,20.51,193,0,online,NL,8,0,0.0,115,0
T6001587,24.79,28.69,1002,22,Online,FR,20,0,0.0,175,0
T6001588,50.55,17.46,961,8,Mobile,DE,12,0,0.0,66,0
T6001589,123.03,28.58,368,11,online,BE,16,0,0.0,54,0
T6001590,32.65,24.12,541,18,Mobile,DE,17,0,0.0,146,0
T6001591,250.77,30.94,529,1,Mobile,FR,5,0,0.0,105,125.39
T6001592,30.02,30.48,1341,20,online,DE,6,0,0.0,206,0
T6001593,17.19,18.69,1845,23,Mobile,BE,2,0,0.0,202,0
T6001594,10.74,58.3,1003,9,Mobile,BE,3,0,0.0,153,0
T6001595,7.71,37.45,472,20,online,DE,1,0,0.0,25,0
T6001596,128.92,53.1,732,0,Mobile,NL,19,0,0.0,35,0
T6001597,60.51,44.9,215,2,Online,NL,9,0,0.0,30,0
T6001598,165.37,49.45,834,0,online,BE,20,0,0.0,51,0
T6001599,129.79,43.81,76,4,POS,DE,5,0,0.0,32,0
T6001600,17.71,29.61,19,17,online,BE,11,0,0.0,19,0
T6001601,46.02,22.01,1829,16,Online,NL,3,0,0.0,113,0
T6001602,43.17,19.65,2012,15,POS,DE,20,0,0.0,176,0
T6001603,210.09,41.19,689,23,online,DE,9,0,0.0,48,0
T6001604,138.39,37.86,329,2,Online,BE,18,0,0.0,6,0
T6001605,22.96,10.12,810,13,online,FR,7,0,0.0,163,0
T6001606,8.06,20.72,1276,20,online,NL,9,0,0.0,67,0
T6001607,38.97,21.94,240,10,online,NL,19,0,0.0,187,0
T6001608,41.43,11.69,971,11,online,DE,4,0,0.0,210,0
T6001609,33.54,70.78,656,2,Mobile,NL,9,0,0.0,14,0
T6001610,99.03,47.25,264,14,POS,DE,0,0,0.0,205,0
T6001611,130.62,18.66,104,13,online,FR,20,0,0.0,68,0
T6001612,22.71,27.18,1864,11,ONLINE,FR,14,0,0.0,33,0
T6001613,39.54,17.28,320,5,online,DE,14,0,0.0,130,0
T6001614,74.86,33.78,1386,2,Online,BE,1,0,0.0,137,0
T6001615,6.3,36.14,327,8,Online,NL,1,0,0.0,202,0
T6001616,143.07,26.75,43,7,online,NL,13,0,0.0,51,0
T6001617,54.79,26.11,886,1,POS,DE,1,0,0.0,169,0
T6001618,30.93,22.49,565,1,POS,FR,16,0,0.0,70,0
T6001619,105.17,26.11,143,9,online,BE,5,0,0.0,137,0
T6001620,46.49,43.84,1828,11,Mobile,FR,21,0,0.0,197,0
T6001621,31.0,151.67,2086,5,Online,FR,7,0,0.0,16,0
T6001622,33.07,70.26,1554,1,Online,NL,22,0,0.0,172,0
T6001623,39.31,11.84,1347,21,POS,NL,21,0,0.0,17,0
T6001624,46.7,31.66,745,17,online,NL,3,0,0.0,7,0
T6001625,58.02,46.07,1910,5,Online,DE,9,0,0.0,97,29.01
T6001626,14.41,17.29,77,0,Online,DE,21,0,0.0,115,0
T6001627,28.03,44.78,1985,18,Online,DE,18,0,0.0,160,0
T6001628,75.66,13.64,764,19,online,FR,8,0,0.0,109,0
T6001629,21.44,41.84,2121,23,Online,DE,8,0,0.0,39,0
T6001630,17.01,84.61,367,11,online,NL,14,0,0.0,195,0
T6001631,39.97,27.48,1377,11,online,DE,10,0,0.0,108,0
T6001632,45.14,38.95,1017,10,Mobile,FR,11,0,0.0,104,0
T6001633,97.3,53.69,1474,5,Mobile,BE,2,0,0.0,167,0
T6001634,46.09,18.58,1101,22,Mobile,DE,18,0,0.0,108,0
T6001635,45.56,50.37,554,4,POS,BE,1,0,0.0,112,22.78
T6001636,75.53,24.16,332,21,Online,DE,17,0,0.0,74,0
T6001637,17.78,22.77,1790,17,Online,NL,15,0,0.0,96,0
T6001638,97.36,48.9,529,8,POS,BE,5,0,0.0,151,48.68
T6001639,42.41,30.53,59,3,Online,DE,3,0,0.0,49,0
T6001640,56.28,29.52,1444,13,Mobile,DE,8,0,0.0,140,0
T6001641,621.46,45.53,335,13,Mobile,DE,11,0,0.0,185,0
T6001642,45.82,20.9,2013,8,Mobile,BE,20,0,0.0,151,0
T6001643,25.23,21.19,909,0,online,DE,22,0,0.0,198,0
T6001644,34.55,85.9,2052,5,online,NL,9,0,0.0,118,0
T6001645,4.33,78.53,1098,22,POS,FR,22,0,0.0,73,0
T6001646,31.32,26.65,1381,0,online,FR,12,0,0.0,208,0
T6001647,118.47,42.54,578,13,online,FR,19,0,0.0,48,0
T6001648,31.54,39.45,1486,6,Online,FR,11,0,0.0,27,0
T6001649,10.71,13.47,1027,20,online,BE,21,0,0.0,145,0
T6001650,40.22,49.31,1084,11,Mobile,FR,2,0,0.0,101,0
T6001651,64.63,27.12,1327,1,Mobile,FR,14,0,0.0,81,0
T6001652,59.53,17.6,2193,13,Online,BE,10,0,0.0,139,29.77
T6001653,46.01,23.64,412,12,Mobile,DE,3,0,0.0,189,0
T6001654,59.98,30.75,1389,21,Mobile,DE,9,0,0.0,47,29.99
T6001655,19.75,39.7,160,10,online,FR,18,0,0.0,122,0
T6001656,27.97,40.35,438,2,Mobile,BE,22,0,0.0,37,0
T6001657,19.54,37.59,781,21,online,BE,9,0,0.0,113,9.77
T6001658,47.63,26.74,212,13,online,BE,11,0,0.0,72,0
T6001659,20.65,29.23,232,10,POS,DE,7,0,0.0,112,0
T6001660,139.87,27.34,239,14,online,NL,21,0,0.0,46,0
T6001661,9.82,78.72,1613,14,Online,DE,17,0,0.0,40,0
T6001662,7.58,45.05,1211,13,online,FR,6,0,0.0,161,0
T6001663,27.84,57.52,1490,20,Online,FR,16,0,0.0,139,0
T6001664,93.69,25.41,45,15,Mobile,FR,16,0,0.0,195,0
T6001665,198.34,22.25,316,3,online,BE,12,0,0.0,203,0
T6001666,124.85,29.1,903,13,Mobile,NL,22,0,0.0,156,0
T6001667,19.09,14.45,1716,14,online,BE,7,0,0.0,111,0
T6001668,108.2,26.05,240,13,POS,NL,0,0,0.0,73,0
T6001669,37.94,75.58,358,12,online,NL,10,0,0.0,76,18.97
T6001670,9.33,21.21,942,1,Mobile,NL,14,0,0.0,159,0
T6001671,19.55,49.63,2035,19,online,NL,11,0,0.0,86,0
T6001672,22.87,34.8,15,12,Online,FR,2,0,0.0,35,0
T6001673,32.29,18.06,1824,17,Mobile,FR,7,0,0.0,8,0
T6001674,37.59,26.71,1589,12,Mobile,NL,6,0,0.0,113,0
T6001675,22.65,60.02,2032,14,POS,NL,5,0,0.0,122,0
T6001676,54.42,21.31,481,4,online,DE,5,0,0.0,99,0
T6001677,252.7,18.59,186,7,Mobile,NL,18,0,0.0,48,0
T6001678,12.17,38.11,572,12,Mobile,NL,11,0,0.0,106,0
T6001679,70.3,18.06,1890,4,online,BE,23,0,0.0,49,0
T6001680,33.94,32.36,1116,13,Mobile,NL,13,0,0.0,21,0
T6001681,133.65,21.72,1873,20,Online,FR,17,0,0.0,137,0
T6001682,11.61,85.51,1044,20,Mobile,NL,23,0,0.0,89,0
T6001683,17.88,84.87,508,2,POS,FR,16,0,0.0,33,0
T6001684,141.02,21.04,364,9,POS,NL,19,0,0.0,56,0
T6001685,49.27,56.51,298,16,Online,NL,10,0,0.0,68,0
T6001686,20.01,89.48,1932,18,Mobile,FR,17,0,0.0,61,0
T6001687,32.23,58.42,657,5,online,FR,10,0,0.0,124,0
T6001688,40.44,64.03,1011,4,POS,NL,13,0,0.0,17,0
T6001689,98.12,18.53,1038,9,POS,BE,16,0,0.0,68,0
T6001690,68.97,26.69,1086,20,online,DE,21,0,0.0,32,0
T6001691,52.96,27.3,1241,11,POS,BE,5,0,0.0,79,0
T6001692,93.9,40.54,44,19,Mobile,BE,2,0,0.0,157,0
T6001693,84.44,60.68,113,8,online,BE,10,0,0.0,131,0
T6001694,32.82,63.7,1122,7,Online,BE,5,0,0.0,111,0
T6001695,144.39,20.56,447,13,online,FR,15,0,0.0,163,0
T6001696,73.75,44.76,964,15,POS,DE,12,0,0.0,204,0
T6001697,80.58,22.53,78,6,Online,NL,19,0,0.0,173,0
T6001698,28.14,84.71,14,3,Mobile,DE,0,1,22.29,43,0
T6001699,37.12,20.7,1326,2,Online,BE,17,0,0.0,55,0
T6001700,47.18,16.52,2110,5,POS,BE,22,0,0.0,191,0
T6001701,84.27,48.38,872,1,POS,BE,21,0,0.0,83,0
T6001702,24.28,65.8,35,18,online,NL,8,0,0.0,16,0
T6001703,5.33,37.79,715,12,Mobile,BE,14,0,0.0,95,0
T6001704,26.13,52.87,1513,20,online,FR,5,0,0.0,66,13.06
T6001705,44.23,33.93,332,2,Mobile,NL,20,0,0.0,85,22.11
T6001706,93.67,22.72,1661,13,POS,FR,18,0,0.0,92,0
T6001707,28.9,46.72,2154,23,Online,DE,11,0,0.0,27,0
T6001708,57.24,39.54,1130,22,online,FR,15,0,0.0,10,0
T6001709,30.16,44.95,1167,9,Mobile,BE,14,0,0.0,148,0
T6001710,15.38,20.14,2123,1,Mobile,DE,11,0,0.0,87,0
T6001711,115.38,56.57,2146,22,Online,DE,15,0,0.0,181,0
T6001712,57.64,83.29,1851,15,Online,FR,2,0,0.0,66,0
T6001713,16.58,74.44,1821,2,Online,BE,17,0,0.0,184,0
T6001714,40.47,33.04,340,8,Mobile,FR,20,0,0.0,39,0
T6001715,85.57,83.42,294,1,Mobile,BE,1,0,0.0,72,0
T6001716,50.74,23.38,467,22,Online,FR,9,0,0.0,7,25.37
T6001717,63.97,17.46,1371,3,Mobile,NL,0,0,0.0,210,0
T6001718,54.84,30.75,2134,23,POS,FR,17,0,0.0,8,0
T6001719,23.88,13.1,452,3,online,DE,17,0,0.0,96,0
T6001720,129.9,56.18,1077,21,Online,NL,12,0,0.0,33,0
T6001721,30.82,76.22,278,1,Mobile,FR,22,0,0.0,158,0
T6001722,127.45,61.97,1083,9,POS,BE,7,0,0.0,190,0
T6001723,76.62,18.01,1903,6,online,FR,15,0,0.0,52,0
T6001724,29.31,38.39,1604,20,POS,FR,22,0,0.0,66,0
T6001725,25.46,53.32,1596,14,online,DE,9,0,0.0,28,0
T6001726,52.92,35.66,585,20,Online,BE,2,0,0.0,66,0
T6001727,48.33,42.65,922,9,Mobile,DE,19,0,0.0,106,0
T6001728,164.97,65.65,2147,13,Mobile,DE,3,0,0.0,64,82.48
T6001729,79.8,23.76,824,22,Mobile,BE,2,0,0.0,89,0
T6001730,100.3,29.96,538,3,online,DE,6,0,0.0,21,0
T6001731,283.0,51.09,1042,1,Online,NL,20,0,0.0,99,0
T6001732,54.1,39.41,1746,19,Online,FR,0,0,0.0,12,0
T6001733,36.61,43.98,1161,18,Mobile,DE,4,0,0.0,39,0
T6001734,47.73,18.39,2100,1,Mobile,BE,13,0,0.0,25,0
T6001735,18.65,22.98,262,5,Mobile,NL,8,0,0.0,157,0
T6001736,47.72,31.75,1200,20,Online,FR,6,0,0.0,164,0
T6001737,419.16,9.11,1693,13,POS,DE,13,0,0.0,110,0
T6001738,34.57,36.66,1379,17,POS,DE,19,0,0.0,164,0
T6001739,154.35,89.75,1879,7,online,BE,18,0,0.0,134,0
T6001740,21.87,47.23,925,16,Mobile,FR,21,0,0.0,165,0
T6001741,235.86,52.52,502,19,POS,FR,17,0,0.0,200,0
T6001742,145.2,35.78,1019,19,Mobile,NL,16,0,0.0,160,0
T6001743,65.92,44.13,328,7,Online,NL,2,0,0.0,20,0
T6001744,29.96,23.8,1385,7,online,NL,12,0,0.0,191,0
T6001745,67.08,63.11,942,9,online,BE,16,0,0.0,165,0
T6001746,75.73,17.25,1987,2,Mobile,FR,8,0,0.0,115,0
T6001747,156.3,33.01,1304,23,online,NL,7,0,0.0,163,78.15
T6001748,199.12,27.23,165,20,Online,DE,22,0,0.0,48,0
T6001749,30.57,42.09,1522,19,POS,DE,11,0,0.0,106,0
T6001750,42.41,27.28,465,17,Online,FR,1,0,0.0,91,0
T6001751,10.54,26.85,404,16,POS,FR,8,0,0.0,13,5.27
T6001752,296.07,54.44,811,22,Mobile,FR,20,0,0.0,46,0
T6001753,73.81,39.82,768,2,online,BE,13,0,0.0,83,0
T6001754,115.67,33.03,746,17,POS,FR,20,0,0.0,115,0
T6001755,128.56,29.35,1569,21,online,DE,1,0,0.0,46,0
T6001756,8.71,56.56,1431,20,POS,DE,6,0,0.0,8,0
T6001757,177.85,36.86,281,3,Online,NL,12,0,0.0,63,0
T6001758,100.1,29.09,1136,1,online,NL,13,0,0.0,96,0
T6001759,56.45,62.38,1728,4,Mobile,DE,10,0,0.0,27,0
T6001760,234.88,44.13,1264,9,Mobile,BE,3,0,0.0,167,0
T6001761,70.8,23.02,499,21,POS,DE,12,0,0.0,89,0
T6001762,74.68,19.76,1266,17,Mobile,NL,9,0,0.0,41,0
T6001763,86.23,39.26,2120,18,Online,BE,0,0,0.0,92,0
T6001764,113.03,12.66,905,23,online,FR,6,0,0.0,5,0
T6001765,18.93,23.43,631,23,POS,FR,3,0,0.0,79,0
T6001766,82.34,35.67,2144,6,online,BE,17,0,0.0,189,0
T6001767,51.61,25.41,1864,9,POS,NL,2,0,0.0,66,0
T6001768,62.01,39.92,1834,10,Online,BE,11,0,0.0,10,0
T6001769,14.65,89.68,1007,9,Mobile,FR,1,0,0.0,18,0
T6001770,58.58,42.51,1431,14,online,BE,3,0,0.0,131,29.29
T6001771,72.35,56.1,2183,21,online,DE,18,0,0.0,62,0
T6001772,43.24,27.06,535,19,Mobile,NL,2,0,0.0,85,0
T6001773,75.6,74.6,1990,5,Online,FR,21,0,0.0,177,37.8
T6001774,141.88,36.53,585,22,Mobile,BE,16,0,0.0,170,0
T6001775,107.11,163.73,2124,4,POS,DE,6,0,0.0,146,0
T6001776,42.68,55.99,143,15,Mobile,FR,6,0,0.0,72,0
T6001777,188.32,35.5,1457,14,Mobile,DE,13,0,0.0,148,0
T6001778,93.12,24.89,1705,19,Online,FR,16,0,0.0,26,0
T6001779,4.89,15.13,1337,2,Online,NL,18,0,0.0,49,0
T6001780,32.43,40.13,1855,12,Mobile,DE,3,0,0.0,33,0
T6001781,74.63,26.49,570,10,POS,NL,12,0,0.0,42,0
T6001782,7.93,13.64,933,12,Online,DE,14,0,0.0,141,0
T6001783,29.93,85.12,121,11,POS,NL,5,0,0.0,190,0
T6001784,48.83,50.87,1431,9,Mobile,BE,14,0,0.0,90,0
T6001785,27.08,42.48,614,15,Mobile,NL,9,0,0.0,42,0
T6001786,37.57,19.11,2073,17,Mobile,BE,20,0,0.0,23,0
T6001787,52.83,52.38,2086,8,POS,BE,3,0,0.0,12,0
T6001788,128.65,6.31,321,4,online,NL,9,0,0.0,140,0
T6001789,86.17,16.07,1031,1,Online,BE,18,0,0.0,27,0
T6001790,13.15,43.54,1534,11,Mobile,BE,16,0,0.0,90,6.58
T6001791,128.96,14.63,316,12,Online,NL,14,0,0.0,161,0
T6001792,73.97,32.05,1066,0,Online,NL,2,0,0.0,131,0
T6001793,34.42,33.62,702,4,POS,DE,9,0,0.0,150,17.21
T6001794,99.05,15.53,1731,12,Online,BE,23,0,0.0,79,0
T6001795,32.22,47.3,1314,10,Mobile,BE,11,0,0.0,201,0
T6001796,93.18,38.61,1519,20,POS,DE,6,0,0.0,118,0
T6001797,16.58,48.78,832,6,Online,DE,0,0,0.0,117,0
T6001798,72.75,24.77,2192,3,POS,NL,17,0,0.0,118,0
T6001799,,104.74,2032,6,POS,BE,14,0,0.0,155,0
T6001800,9.77,72.93,1053,3,Mobile,BE,0,0,0.0,128,0
T6001801,46.04,30.53,1814,6,online,NL,13,0,0.0,72,0
T6001802,30.02,79.54,1729,8,Mobile,NL,8,0,0.0,175,0
T6001803,55.67,144.04,1579,15,online,BE,9,0,0.0,57,27.84
T6001804,11.95,23.66,1727,6,POS,NL,8,0,0.0,162,0
T6001805,224.05,17.6,448,20,online,NL,14,0,0.0,119,0
T6001806,94.17,19.32,711,21,Mobile,DE,12,0,0.0,48,47.09
T6001807,18.51,19.27,585,3,Mobile,BE,10,0,0.0,87,0
T6001808,49.93,28.24,535,13,POS,NL,11,0,0.0,158,0
T6001809,167.5,31.67,809,22,POS,NL,11,0,0.0,207,0
T6001810,48.05,39.64,95,20,POS,FR,5,0,0.0,173,0
T6001811,73.01,88.31,2057,6,POS,FR,0,0,0.0,92,0
T6001812,32.86,19.96,1544,22,online,BE,15,0,0.0,17,0
T6001813,96.53,12.27,723,14,POS,DE,4,0,0.0,170,0
T6001814,29.66,13.09,1813,15,POS,DE,12,0,0.0,187,0
T6001815,95.39,11.41,2148,3,online,FR,1,0,0.0,128,0
T6001816,78.43,19.66,1836,10,Mobile,NL,6,0,0.0,132,0
T6001817,14.98,24.22,768,20,Mobile,BE,6,0,0.0,56,0
T6001818,207.02,39.89,2091,16,POS,BE,9,0,0.0,161,0
T6001819,213.7,22.66,531,9,Mobile,NL,3,0,0.0,204,0
T6001820,45.67,20.96,1775,15,POS,FR,0,0,0.0,168,0
T6001821,140.86,43.77,1870,22,online,DE,17,0,0.0,13,0
T6001822,13.32,44.31,83,10,POS,NL,23,0,0.0,162,0
T6001823,87.92,28.71,1464,0,online,BE,15,0,0.0,100,0
T6001824,131.66,51.22,1853,2,online,FR,22,0,0.0,16,0
T6001825,53.09,50.24,1533,13,Mobile,FR,20,0,0.0,192,0
T6001826,120.11,36.55,1846,9,online,NL,14,0,0.0,182,60.05
T6001827,82.62,20.74,324,7,POS,DE,21,0,0.0,204,41.31
T6001828,33.61,23.05,1697,20,POS,BE,0,0,0.0,164,0
T6001829,25.19,49.92,355,0,POS,DE,9,0,0.0,131,0
T6001830,52.3,13.48,1134,23,online,FR,11,0,0.0,87,0
T6001831,31.86,25.37,717,5,Online,BE,2,0,0.0,171,0
T6001832,55.0,27.86,2144,1,online,FR,18,0,0.0,194,0
T6001833,122.87,96.78,4,9,online,DE,5,0,0.0,108,0
T6001834,50.66,47.35,1725,23,Online,NL,0,1,38.83,164,0
T6001835,23.59,47.23,263,1,Mobile,BE,18,0,0.0,82,0
T6001836,51.68,22.2,953,0,Mobile,FR,1,0,0.0,1,0
T6001837,41.67,38.59,583,4,POS,NL,7,0,0.0,68,0
T6001838,89.23,26.0,1769,20,POS,DE,22,0,0.0,158,0
T6001839,28.5,50.35,1871,5,POS,FR,8,0,0.0,176,0
T6001840,49.77,31.09,780,15,Mobile,BE,5,0,0.0,5,0
T6001841,249.15,77.59,350,19,POS,DE,11,0,0.0,20,0
T6001842,5.03,49.59,732,18,POS,DE,3,0,0.0,69,0
T6001843,49.0,33.45,1050,16,online,DE,15,0,0.0,47,24.5
T6001844,14.73,41.69,1890,9,POS,BE,16,0,0.0,86,0
T6001845,35.78,21.68,2048,8,Online,NL,12,0,0.0,41,0
T6001846,55.84,42.08,703,6,Mobile,DE,7,0,0.0,182,0
T6001847,46.14,20.19,276,14,POS,NL,18,0,0.0,166,0
T6001848,132.89,117.65,885,21,online,DE,7,0,0.0,78,0
T6001849,49.83,33.47,2194,8,Mobile,BE,0,0,0.0,166,0
T6001850,120.45,55.26,704,16,POS,FR,8,0,0.0,5,0
T6001851,70.79,17.09,2040,16,Online,DE,5,0,0.0,68,0
T6001852,41.92,28.5,1722,17,Mobile,FR,7,0,0.0,58,0
T6001853,20.55,49.13,5,21,POS,BE,16,1,19.59,109,0
T6001854,9.9,40.74,1889,14,online,NL,3,0,0.0,131,4.95
T6001855,53.19,47.55,1114,9,Mobile,BE,5,0,0.0,176,0
T6001856,97.38,34.72,2160,8,online,BE,2,0,0.0,79,0
T6001857,52.5,76.24,1050,9,POS,NL,3,1,42.75,105,0
T6001858,40.4,65.63,1489,0,POS,FR,0,0,0.0,183,0
T6001859,100.47,23.9,1468,4,Online,FR,10,0,0.0,173,0
T6001860,45.14,22.44,56,5,POS,FR,12,0,0.0,187,0
T6001861,58.53,15.12,46,6,online,NL,13,0,0.0,144,0
T6001862,35.97,21.32,2182,12,Mobile,DE,4,0,0.0,111,0
T6001863,19.11,21.74,1314,9,Mobile,NL,6,0,0.0,116,0
T6001864,58.9,45.57,666,11,online,BE,7,0,0.0,18,0
T6001865,11.18,47.84,986,22,Mobile,FR,19,0,0.0,102,0
T6001866,74.53,14.2,346,23,Mobile,NL,5,0,0.0,28,0
T6001867,57.41,41.66,2179,7,Online,FR,5,0,0.0,8,0
T6001868,22.33,21.49,1911,15,POS,DE,10,0,0.0,180,0
T6001869,65.53,40.88,1376,3,Mobile,NL,14,0,0.0,102,0
T6001870,69.29,34.82,687,7,online,DE,5,0,0.0,46,0
T6001871,51.42,76.82,596,12,online,DE,3,0,0.0,127,0
T6001872,12.81,22.25,538,6,Mobile,BE,4,0,0.0,107,0
T6001873,30.51,27.96,1,11,Mobile,FR,21,0,0.0,117,0
T6001874,54.02,9.21,2155,2,Online,BE,17,0,0.0,131,0
T6001875,90.86,55.96,492,7,POS,NL,4,0,0.0,40,0
T6001876,14.6,38.71,584,3,Mobile,FR,22,0,0.0,34,0
T6001877,34.9,49.76,1683,7,POS,NL,5,0,0.0,120,17.45
T6001878,186.04,36.44,427,9,POS,NL,22,0,0.0,155,0
T6001879,36.82,28.05,1510,7,Mobile,DE,4,0,0.0,24,0
T6001880,12.08,33.56,1339,19,online,FR,18,0,0.0,85,0
T6001881,11.6,30.06,1288,21,Mobile,NL,4,0,0.0,185,0
T6001882,332.6,33.87,373,2,online,BE,23,0,0.0,28,0
T6001883,43.81,18.55,380,8,POS,DE,21,0,0.0,159,0
T6001884,99.98,39.13,1957,13,online,FR,20,0,0.0,132,0
T6001885,60.65,26.56,472,0,online,BE,6,0,0.0,81,0
T6001886,55.72,35.2,762,2,online,DE,6,0,0.0,179,0
T6001887,66.96,21.83,245,13,online,BE,23,0,0.0,127,0
T6001888,43.77,36.11,57,9,Online,FR,15,0,0.0,185,0
T6001889,102.34,21.72,723,8,Online,BE,8,0,0.0,207,0
T6001890,47.82,63.61,1338,16,Online,BE,21,0,0.0,13,0
T6001891,31.37,27.51,1533,14,Online,BE,4,0,0.0,200,0
T6001892,26.59,23.3,298,10,Mobile,FR,17,0,0.0,47,13.29
T6001893,26.71,19.3,895,8,POS,NL,8,0,0.0,118,0
T6001894,30.0,53.22,611,0,POS,BE,20,0,0.0,141,0
T6001895,13.71,40.73,1118,22,POS,DE,19,0,0.0,173,0
T6001896,67.77,10.5,43,5,Mobile,FR,7,0,0.0,48,0
T6001897,31.87,20.55,290,7,POS,BE,17,0,0.0,163,15.94
T6001898,46.5,16.34,1536,10,online,FR,19,0,0.0,57,0
T6001899,108.65,20.98,2128,14,POS,NL,17,0,0.0,112,0
T6001900,50.22,122.12,645,14,POS,NL,21,0,0.0,7,0
T6001901,11.77,96.54,1914,15,online,DE,15,0,0.0,49,5.88
T6001902,8.98,66.63,1806,3,Online,NL,17,0,0.0,12,0
T6001903,38.24,11.53,1246,3,online,DE,14,0,0.0,147,0
T6001904,73.52,38.29,707,21,POS,DE,23,0,0.0,5,36.76
T6001905,76.36,14.22,277,15,Mobile,BE,8,0,0.0,172,0
T6001906,38.63,42.09,1209,20,Mobile,BE,22,0,0.0,27,0
T6001907,14.25,28.19,997,7,online,DE,11,0,0.0,182,0
T6001908,42.24,28.03,1129,18,online,BE,10,0,0.0,44,0
T6001909,237.64,20.44,1724,6,Mobile,NL,13,0,0.0,201,0
T6001910,39.47,39.63,611,19,online,BE,7,0,0.0,140,0
T6001911,39.05,52.8,529,1,Mobile,NL,15,0,0.0,52,0
T6001912,73.13,103.89,94,4,POS,DE,9,0,0.0,30,0
T6001913,26.18,49.24,597,13,POS,DE,13,0,0.0,38,0
T6001914,43.31,38.31,1338,13,Online,FR,11,0,0.0,53,0
T6001915,72.59,23.29,239,17,POS,DE,2,0,0.0,10,0
T6001916,105.0,31.17,236,12,POS,DE,21,0,0.0,130,0
T6001917,43.41,44.08,220,4,online,BE,10,0,0.0,49,0
T6001918,31.3,17.57,1615,10,POS,FR,21,0,0.0,207,0
T6001919,8.14,48.67,2052,0,POS,DE,6,0,0.0,123,0
T6001920,49.47,14.18,40,10,Online,BE,15,0,0.0,137,0
T6001921,30.07,22.92,1681,6,Mobile,FR,17,0,0.0,47,0
T6001922,65.11,27.18,633,11,POS,BE,7,0,0.0,117,0
T6001923,33.83,90.27,2073,19,online,NL,15,0,0.0,64,16.91
T6001924,119.32,38.76,176,8,Online,DE,6,0,0.0,189,0
T6001925,98.08,20.81,277,20,POS,DE,18,0,0.0,8,0
T6001926,133.45,27.49,803,11,Mobile,NL,12,0,0.0,106,0
T6001927,76.86,20.34,1502,2,Online,NL,21,0,0.0,151,0
T6001928,41.98,21.43,1882,22,POS,FR,13,0,0.0,168,0
T6001929,35.75,40.23,973,0,online,BE,16,0,0.0,45,0
T6001930,40.5,43.29,2078,1,Mobile,DE,0,0,0.0,66,0
T6001931,23.69,23.77,1137,22,Online,FR,14,0,0.0,185,0
T6001932,86.69,14.61,1773,3,Online,BE,9,0,0.0,60,0
T6001933,64.31,13.37,294,7,Online,FR,11,0,0.0,31,0
T6001934,49.04,125.72,2042,12,POS,NL,15,0,0.0,143,0
T6001935,235.68,18.14,1082,20,POS,BE,13,0,0.0,98,0
T6001936,24.54,97.28,4,18,Mobile,DE,5,0,0.0,154,12.27
T6001937,123.86,54.75,574,0,online,FR,11,1,106.06,117,0
T6001938,36.06,44.75,548,4,Online,BE,1,0,0.0,4,0
T6001939,66.93,16.25,1112,18,Mobile,NL,5,0,0.0,191,0
T6001940,10.38,81.75,1338,3,online,NL,8,0,0.0,130,0
T6001941,136.1,52.27,179,19,online,DE,18,0,0.0,121,0
T6001942,62.26,46.47,748,11,Online,NL,5,0,0.0,187,0
T6001943,85.82,30.77,1141,22,Online,NL,15,0,0.0,110,0
T6001944,128.4,42.43,410,18,online,NL,10,0,0.0,34,0
T6001945,110.85,29.27,1079,5,Online,FR,8,0,0.0,168,0
T6001946,55.15,20.51,1868,21,Online,FR,15,0,0.0,58,0
T6001947,28.58,18.07,1670,1,POS,FR,5,0,0.0,162,0
T6001948,32.98,20.22,627,23,online,NL,2,0,0.0,201,0
T6001949,27.6,31.32,863,16,Online,BE,11,0,0.0,140,0
T6001950,21.21,50.58,1519,16,online,BE,13,0,0.0,180,0
T6001951,22.95,23.92,756,22,online,NL,8,0,0.0,125,0
T6001952,47.93,21.12,1691,5,online,NL,0,1,43.15,4,0
T6001953,93.63,38.82,1217,18,online,DE,11,0,0.0,138,0
T6001954,39.9,23.09,914,17,POS,FR,7,0,0.0,51,0
T6001955,39.25,33.23,1629,19,POS,FR,7,0,0.0,125,0
T6001956,113.92,42.13,38,6,Online,DE,6,0,0.0,19,0
T6001957,62.89,41.11,1225,7,online,NL,16,0,0.0,65,0
T6001958,14.56,31.02,1966,12,online,DE,4,0,0.0,56,7.28
T6001959,20.74,58.33,1997,11,POS,DE,22,0,0.0,55,0
T6001960,34.2,50.14,1992,4,POS,FR,5,0,0.0,162,0
T6001961,8.43,47.9,1834,8,online,DE,19,0,0.0,129,0
T6001962,10.59,58.77,770,19,Online,FR,11,0,0.0,167,0
T6001963,11.54,18.62,304,20,online,NL,19,0,0.0,176,0
T6001964,29.33,38.74,790,20,Online,NL,13,0,0.0,83,0
T6001965,28.88,39.78,830,8,POS,DE,19,0,0.0,209,0
T6001966,20.94,50.25,1471,6,Online,BE,20,0,0.0,30,0
T6001967,75.28,32.54,2007,21,online,DE,19,0,0.0,206,0
T6001968,30.19,39.06,429,14,Online,DE,16,0,0.0,12,15.1
T6001969,28.44,32.73,1240,18,Online,FR,20,0,0.0,129,0
T6001970,54.43,17.18,767,3,Mobile,BE,1,0,0.0,62,0
T6001971,90.16,46.69,1303,17,Mobile,NL,17,0,0.0,206,0
T6001972,122.32,73.17,1108,22,Online,FR,6,0,0.0,40,0
T6001973,42.34,26.18,905,1,POS,FR,3,0,0.0,68,0
T6001974,90.99,45.16,568,21,Mobile,BE,2,0,0.0,184,0
T6001975,43.98,17.08,91,16,online,BE,5,0,0.0,140,0
T6001976,25.74,16.24,1537,11,online,DE,7,0,0.0,100,0
T6001977,14.87,32.49,1095,23,Mobile,BE,21,0,0.0,198,0
T6001978,51.08,13.36,975,14,Mobile,BE,22,0,0.0,79,0
T6001979,113.87,39.83,1525,23,Online,BE,2,0,0.0,51,0
T6001980,26.55,19.36,1082,9,POS,DE,0,0,0.0,127,0
T6001981,69.06,28.87,1688,7,POS,BE,22,0,0.0,136,0
T6001982,51.92,19.94,194,4,Mobile,BE,7,0,0.0,18,0
T6001983,75.4,17.61,1560,11,POS,BE,12,0,0.0,87,0
T6001984,75.54,17.51,1720,10,Online,BE,19,0,0.0,99,0
T6001985,26.22,24.1,723,21,POS,NL,16,0,0.0,130,0
T6001986,7.68,42.37,1095,19,Online,DE,17,0,0.0,199,0
T6001987,208.96,41.58,1151,11,POS,DE,22,0,0.0,58,0
T6001988,95.02,36.83,1517,13,Mobile,BE,12,0,0.0,178,0
T6001989,35.67,17.95,580,23,Mobile,NL,2,1,32.6,121,0
T6001990,93.07,20.23,1026,19,POS,BE,19,0,0.0,173,0
T6001991,102.12,86.28,815,13,Online,FR,11,0,0.0,140,0
T6001992,38.42,21.22,2095,21,Online,DE,6,0,0.0,2,0
T6001993,110.36,85.17,147,12,POS,BE,16,0,0.0,209,0
T6001994,44.43,42.02,1475,9,POS,DE,11,0,0.0,143,0
T6001995,56.17,27.51,1681,6,Online,NL,14,0,0.0,140,0
T6001996,41.7,68.76,1704,12,POS,FR,20,0,0.0,186,0
T6001997,38.9,22.47,589,6,online,FR,15,0,0.0,5,0
T6001998,34.5,42.6,2056,4,POS,BE,23,0,0.0,89,0
T6001999,12.35,31.2,1457,7,POS,DE,9,0,0.0,41,0
T6002000,72.04,12.4,990,6,Mobile,NL,11,0,0.0,204,0
T6002001,1094.12,38.18,2116,6,Online,DE,3,1,1061.35,96,0
T6002002,82.59,15.36,829,12,POS,BE,14,0,0.0,41,0
T6002003,80.29,43.51,435,4,online,DE,1,0,0.0,185,0
T6002004,76.94,27.02,1265,7,Online,FR,8,0,0.0,8,0
T6002005,122.67,46.93,320,17,Online,FR,2,0,0.0,98,61.34
T6002006,67.94,14.05,691,19,POS,FR,18,0,0.0,33,0
T6002007,14.68,31.34,798,21,POS,NL,20,0,0.0,29,0
T6002008,142.24,49.99,365,18,POS,NL,16,0,0.0,179,71.12
T6002009,117.63,25.06,457,1,Mobile,FR,14,0,0.0,8,58.81
T6002010,166.63,51.25,642,10,Mobile,NL,14,0,0.0,65,0
T6002011,15.63,35.39,1786,12,Online,NL,16,0,0.0,82,0
T6002012,179.95,23.87,2075,0,Online,DE,5,0,0.0,44,0
T6002013,18.38,23.78,1,21,Mobile,BE,17,0,0.0,105,0
T6002014,149.01,41.74,1283,10,Mobile,DE,4,0,0.0,48,0
T6002015,30.97,97.5,1847,16,ONLINE,BE,18,0,0.0,33,0
T6002016,95.93,21.71,335,17,Mobile,NL,22,0,0.0,1,0
T6002017,41.99,103.22,743,17,Online,NL,20,0,0.0,171,0
T6002018,14.98,29.79,583,14,online,NL,18,0,0.0,1,0
T6002019,139.34,79.99,1590,3,online,DE,15,0,0.0,57,0
T6002020,38.82,15.44,1579,22,Mobile,DE,2,0,0.0,169,0
T6002021,110.83,28.95,2170,19,POS,NL,8,0,0.0,202,0
T6002022,15.55,67.3,1975,22,Online,DE,12,0,0.0,111,0
T6002023,20.22,49.79,788,22,POS,DE,22,0,0.0,180,0
T6002024,63.26,38.35,1619,21,POS,DE,4,0,0.0,84,0
T6002025,66.12,51.98,655,17,online,NL,1,0,0.0,183,33.06
T6002026,46.76,72.08,412,15,POS,FR,21,0,0.0,100,0
T6002027,4.5,21.43,2181,1,Online,NL,0,0,0.0,30,0
T6002028,38.1,49.29,418,18,Mobile,NL,18,0,0.0,109,0
T6002029,32.04,47.73,217,5,Mobile,DE,4,0,0.0,182,0
T6002030,32.04,43.25,1784,18,online,BE,10,0,0.0,25,0
T6002031,41.34,9.84,1885,14,online,BE,18,1,38.51,135,0
T6002032,50.32,30.32,96,23,Online,FR,20,0,0.0,175,0
T6002033,46.28,25.87,397,0,Mobile,DE,5,0,0.0,18,0
T6002034,10.34,29.73,591,11,online,NL,6,0,0.0,156,0
T6002035,56.99,24.71,1626,0,Mobile,NL,4,0,0.0,155,0
T6002036,45.29,21.78,334,10,POS,FR,23,0,0.0,137,22.64
T6002037,54.18,42.19,452,3,online,FR,22,0,0.0,29,0
T6002038,52.19,20.57,353,4,Online,FR,22,0,0.0,49,0
T6002039,16.62,30.99,101,21,POS,DE,13,0,0.0,96,0
T6002040,16.08,31.71,1810,6,Mobile,DE,13,0,0.0,58,0
T6002041,60.8,15.94,38,20,online,NL,17,0,0.0,88,0
T6002042,125.5,19.61,483,14,POS,BE,11,0,0.0,81,0
T6002043,27.03,57.32,1369,1,Online,BE,15,0,0.0,16,0
T6002044,39.87,63.83,211,1,Mobile,BE,19,0,0.0,169,0
T6002045,47.19,20.37,1655,11,Online,BE,5,0,0.0,133,0
T6002046,195.14,39.4,1922,3,Mobile,NL,15,0,0.0,155,0
T6002047,15.5,15.65,1917,7,online,DE,18,0,0.0,96,0
T6002048,26.33,27.4,1373,4,online,BE,6,0,0.0,3,0
T6002049,24.76,19.5,1908,12,Online,NL,15,0,0.0,19,0
T6002050,94.5,24.47,1176,7,POS,DE,5,0,0.0,175,0
T6002051,152.94,32.22,1359,21,Online,FR,6,0,0.0,26,0
T6002052,19.81,66.18,945,13,Online,BE,14,0,0.0,78,0
T6002053,103.65,23.9,61,4,Mobile,FR,7,0,0.0,4,0
T6002054,36.72,17.68,1534,22,POS,BE,1,0,0.0,107,0
T6002055,32.78,179.33,626,3,Online,NL,20,0,0.0,198,0
T6002056,,63.7,1354,14,POS,BE,6,0,0.0,49,0
T6002057,53.26,20.22,2040,16,POS,DE,22,0,0.0,171,0
T6002058,123.95,44.04,1603,9,POS,BE,5,0,0.0,87,61.98
T6002059,15.38,43.52,78,0,online,BE,8,0,0.0,13,0
T6002060,21.19,18.3,1557,8,Online,FR,1,0,0.0,142,0
T6002061,20.66,40.28,664,3,Online,FR,4,0,0.0,148,0
T6002062,30.81,20.84,1106,21,Mobile,BE,23,0,0.0,19,15.4
T6002063,41.1,60.18,264,22,POS,NL,1,0,0.0,72,0
T6002064,22.06,35.33,1660,17,POS,DE,10,0,0.0,62,0
T6002065,44.96,19.9,1134,1,online,NL,2,0,0.0,54,0
T6002066,69.48,19.87,717,10,Online,FR,23,0,0.0,206,0
T6002067,67.67,19.62,1838,17,POS,DE,9,0,0.0,186,0
T6002068,24.03,32.38,1321,4,online,DE,4,0,0.0,107,0
T6002069,63.0,73.28,1259,9,Mobile,DE,21,0,0.0,42,0
T6002070,193.9,19.07,797,5,online,NL,22,0,0.0,29,0
T6002071,216.77,25.05,54,8,Online,NL,1,0,0.0,31,0
T6002072,18.63,36.6,1577,6,POS,BE,3,0,0.0,193,0
T6002073,102.01,13.57,1377,9,POS,BE,9,0,0.0,80,0
T6002074,41.52,45.0,1050,12,Online,DE,5,0,0.0,124,0
T6002075,271.04,64.09,210,11,POS,NL,10,0,0.0,74,0
T6002076,25.96,42.97,1429,3,Online,DE,19,0,0.0,99,0
T6002077,156.67,80.91,57,4,POS,FR,16,0,0.0,19,0
T6002078,71.27,64.91,755,19,Online,NL,9,0,0.0,156,0
T6002079,29.7,55.15,1001,18,Online,NL,1,0,0.0,30,0
T6002080,79.95,35.26,1624,20,Mobile,BE,4,0,0.0,47,0
T6002081,29.9,17.36,1571,0,Online,DE,16,0,0.0,210,0
T6002082,18.64,36.02,910,2,Online,NL,22,0,0.0,55,0
T6002083,26.5,46.11,867,4,online,FR,13,0,0.0,15,0
T6002084,13.09,9.82,1898,3,Mobile,BE,12,0,0.0,14,0
T6002085,29.08,33.84,1766,4,Mobile,FR,15,0,0.0,63,0
T6002086,4.98,73.32,1376,12,Online,FR,21,0,0.0,181,2.49
T6002087,73.07,86.91,589,8,Online,NL,21,0,0.0,200,0
T6002088,35.96,55.33,1804,17,Online,BE,4,0,0.0,73,17.98
T6002089,174.7,57.44,1192,15,POS,FR,20,0,0.0,123,0
T6002090,22.18,52.96,823,19,Online,NL,5,0,0.0,39,0
T6002091,33.68,25.14,125,19,Online,FR,2,0,0.0,72,0
T6002092,72.26,51.13,2048,9,Mobile,BE,10,0,0.0,74,0
T6002093,130.11,70.35,432,21,Mobile,DE,7,0,0.0,41,0
T6002094,10.94,62.23,19,16,POS,BE,18,0,0.0,151,0
T6002095,74.9,36.16,578,7,online,NL,15,0,0.0,72,0
T6002096,150.19,48.58,1381,12,POS,BE,13,0,0.0,96,0
T6002097,34.69,49.27,192,9,Mobile,DE,4,0,0.0,147,0
T6002098,59.25,26.5,280,12,online,BE,17,0,0.0,152,0
T6002099,224.39,17.55,147,1,online,BE,23,0,0.0,196,0
T6002100,40.56,22.28,524,7,POS,NL,21,0,0.0,195,0
T6002101,179.01,32.56,229,7,online,FR,2,0,0.0,173,89.5
T6002102,140.21,13.79,330,8,Online,FR,6,0,0.0,148,0
T6002103,87.4,34.13,1462,12,Online,NL,0,0,0.0,195,0
T6002104,98.56,15.4,414,11,online,NL,16,0,0.0,118,0
T6002105,17.63,33.97,1135,7,POS,NL,14,0,0.0,171,0
T6002106,268.7,40.69,1584,10,Mobile,DE,2,0,0.0,95,0
T6002107,251.35,30.75,1377,10,Online,NL,17,0,0.0,133,0
T6002108,82.12,67.07,1145,20,online,DE,16,0,0.0,117,0
T6002109,204.67,30.13,4,8,POS,NL,19,0,0.0,202,0
T6002110,23.23,39.91,706,19,Online,FR,5,0,0.0,40,0
T6002111,57.43,15.57,392,12,online,BE,9,0,0.0,69,0
T6002112,71.82,73.81,311,17,Mobile,DE,18,0,0.0,15,0
T6002113,45.42,23.69,91,22,Online,NL,23,0,0.0,70,0
T6002114,57.47,7.57,1735,3,online,FR,10,0,0.0,121,0
T6002115,69.29,24.41,211,23,online,BE,7,0,0.0,142,0
T6002116,8.48,31.51,1948,16,POS,NL,15,0,0.0,34,0
T6002117,116.48,24.99,1595,22,online,DE,6,0,0.0,118,0
T6002118,171.78,15.59,1916,7,online,FR,12,0,0.0,22,0
T6002119,53.98,21.87,1313,4,POS,NL,22,0,0.0,184,0
T6002120,49.68,45.24,279,13,Online,BE,21,0,0.0,148,0
T6002121,116.16,57.37,215,16,Mobile,DE,3,0,0.0,176,0
T6002122,49.54,46.49,1713,1,online,DE,22,0,0.0,53,0
T6002123,78.61,17.26,37,2,POS,FR,6,0,0.0,117,0
T6002124,62.57,83.79,900,10,online,BE,3,0,0.0,195,0
T6002125,37.41,31.79,1090,18,Mobile,NL,5,0,0.0,5,0
T6002126,43.52,89.33,2119,9,POS,DE,6,0,0.0,29,0
T6002127,93.76,78.18,1422,22,POS,FR,13,0,0.0,29,0
T6002128,18.59,23.38,759,1,Mobile,BE,4,0,0.0,151,0
T6002129,45.13,65.05,1906,0,Mobile,BE,5,0,0.0,28,0
T6002130,210.57,49.96,505,7,online,FR,18,0,0.0,22,0
T6002131,65.64,35.01,436,5,POS,BE,6,0,0.0,42,0
T6002132,14.82,19.11,2091,9,POS,NL,12,0,0.0,139,0
T6002133,60.54,31.57,1081,2,online,BE,0,0,0.0,148,0
T6002134,143.38,30.14,1885,16,POS,BE,12,0,0.0,7,0
T6002135,75.01,41.41,1123,10,Online,NL,6,0,0.0,169,0
T6002136,25.11,35.76,1658,10,Mobile,BE,4,0,0.0,58,0
T6002137,169.29,35.54,213,21,POS,BE,11,0,0.0,207,84.64
T6002138,85.26,32.91,735,6,online,BE,7,0,0.0,28,42.63
T6002139,27.62,43.7,1041,20,Online,FR,18,0,0.0,196,0
T6002140,28.92,42.68,387,19,Online,DE,2,0,0.0,178,0
T6002141,58.28,30.14,1386,9,Online,DE,2,0,0.0,84,0
T6002142,113.95,35.18,547,1,Mobile,BE,7,0,0.0,196,0
T6002143,66.87,21.56,1823,21,online,BE,17,0,0.0,195,0
T6002144,121.21,17.06,729,15,Online,DE,5,1,107.94,102,0
T6002145,56.85,26.7,397,4,Online,BE,7,0,0.0,69,0
T6002146,33.17,27.6,164,23,online,NL,13,0,0.0,2,0
T6002147,69.24,31.22,1518,10,Online,DE,22,0,0.0,143,0
T6002148,134.0,12.51,1572,15,Online,DE,15,0,0.0,91,0
T6002149,86.64,31.23,76,19,Online,BE,9,0,0.0,96,0
T6002150,37.82,38.25,1445,16,POS,BE,17,0,0.0,143,0
T6002151,101.59,18.93,1011,1,POS,DE,9,0,0.0,178,0
T6002152,65.64,26.93,2181,7,Mobile,NL,7,0,0.0,69,0
T6002153,119.76,17.68,233,15,Mobile,NL,4,0,0.0,106,0
T6002154,49.77,114.83,128,13,POS,FR,23,0,0.0,138,0
T6002155,25.82,18.03,1118,1,POS,BE,8,0,0.0,134,0
T6002156,58.62,102.1,1749,20,Mobile,DE,4,0,0.0,204,0
T6002157,27.44,78.13,105,10,Online,DE,23,0,0.0,130,0
T6002158,61.07,72.18,1318,23,online,BE,3,0,0.0,85,0
T6002159,62.22,50.04,923,10,POS,BE,10,0,0.0,11,0
T6002160,36.82,70.31,1886,20,Online,NL,16,0,0.0,149,0
T6002161,64.6,15.91,645,21,online,FR,4,0,0.0,121,0
T6002162,60.28,9.36,1045,15,POS,FR,4,0,0.0,173,0
T6002163,217.73,20.0,2053,23,Mobile,NL,13,0,0.0,138,0
T6002164,9.22,32.39,2177,14,online,DE,4,0,0.0,144,0
T6002165,181.37,51.6,444,16,POS,DE,14,0,0.0,95,0
T6002166,23.9,12.71,1329,10,Online,NL,13,0,0.0,109,0
T6002167,53.92,24.48,1473,1,Online,BE,7,0,0.0,154,0
T6002168,30.73,27.19,437,3,Online,FR,12,0,0.0,207,0
T6002169,107.3,61.28,568,12,Online,NL,2,0,0.0,95,0
T6002170,12.06,14.1,326,23,POS,DE,5,0,0.0,187,0
T6002171,30.34,58.76,1564,2,online,BE,21,0,0.0,133,0
T6002172,32.38,17.63,128,19,online,NL,12,0,0.0,117,0
T6002173,34.99,120.71,1252,12,Online,BE,1,0,0.0,137,0
T6002174,61.84,29.14,1501,15,online,BE,13,0,0.0,63,0
T6002175,121.14,5.41,142,12,online,NL,4,1,94.22,139,60.57
T6002176,6.65,27.65,393,12,Mobile,NL,9,0,0.0,63,0
T6002177,210.27,26.43,263,1,Mobile,DE,12,0,0.0,129,0
T6002178,72.07,24.07,72,12,Online,DE,23,0,0.0,92,0
T6002179,126.31,53.06,1356,18,Online,BE,19,0,0.0,96,0
T6002180,16.88,33.06,1340,11,online,DE,23,0,0.0,207,0
T6002181,96.29,22.91,1913,19,POS,NL,18,0,0.0,69,0
T6002182,70.33,24.5,1062,5,Mobile,BE,7,0,0.0,89,0
T6002183,243.6,31.26,504,23,POS,FR,21,0,0.0,175,121.8
T6002184,19.47,40.94,92,0,Online,NL,9,0,0.0,104,0
T6002185,14.68,58.38,1713,0,Mobile,BE,15,0,0.0,35,0
T6002186,45.02,61.3,1104,0,Online,BE,20,0,0.0,111,0
T6002187,46.59,39.93,1624,12,Online,FR,13,0,0.0,178,0
T6002188,101.14,45.01,57,14,Online,BE,4,0,0.0,68,0
T6002189,32.35,23.71,1283,10,online,BE,21,0,0.0,181,0
T6002190,191.99,21.96,1744,15,online,BE,22,0,0.0,82,0
T6002191,179.07,21.12,233,12,POS,DE,5,0,0.0,210,0
T6002192,99.04,53.99,413,6,online,FR,11,0,0.0,98,0
T6002193,35.14,26.01,131,8,Online,DE,7,0,0.0,101,0
T6002194,43.15,73.53,1227,23,Mobile,DE,1,0,0.0,62,0
T6002195,55.35,120.3,1840,16,Mobile,DE,5,0,0.0,51,0
T6002196,27.2,25.64,2180,13,Online,BE,19,0,0.0,178,0
T6002197,20.5,52.03,1120,0,Mobile,BE,0,0,0.0,72,0
T6002198,216.54,31.46,131,9,Online,DE,16,0,0.0,97,0
T6002199,65.47,50.94,1302,17,POS,DE,9,0,0.0,111,0
T6002200,18.84,14.73,1747,21,POS,FR,1,0,0.0,33,0
T6002201,24.69,20.3,1308,9,Mobile,DE,16,0,0.0,36,0
T6002202,25.85,35.23,1463,12,POS,BE,3,0,0.0,81,12.93
T6002203,63.72,27.9,223,14,POS,FR,11,0,0.0,159,31.86
T6002204,69.67,32.74,1943,17,online,BE,5,0,0.0,136,0
T6002205,89.33,13.9,2178,1,Mobile,NL,13,0,0.0,195,0
T6002206,22.32,13.81,2184,6,Online,NL,21,0,0.0,191,0
T6002207,11.97,27.3,1063,1,Mobile,DE,4,1,10.38,15,0
T6002208,175.28,40.25,1040,7,POS,DE,12,0,0.0,165,0
T6002209,9.89,19.97,1265,7,online,BE,6,0,0.0,25,0
T6002210,35.37,45.05,1687,20,POS,BE,4,0,0.0,51,0
T6002211,101.51,56.96,1699,4,Online,DE,21,0,0.0,199,0
T6002212,330.91,43.78,982,16,POS,BE,14,1,277.21,122,0
T6002213,190.09,47.75,1862,21,POS,FR,7,0,0.0,103,0
T6002214,137.55,21.22,919,6,online,FR,11,0,0.0,179,0
T6002215,83.22,29.85,535,6,Online,FR,17,0,0.0,206,0
T6002216,55.79,40.58,961,15,POS,DE,9,0,0.0,17,0
T6002217,23.74,9.39,1021,8,online,NL,15,0,0.0,102,0
T6002218,182.62,15.61,1043,18,POS,DE,4,0,0.0,193,0
T6002219,269.99,31.24,1942,21,Mobile,NL,11,0,0.0,98,0
T6002220,58.29,56.51,921,0,POS,DE,9,0,0.0,209,0
T6002221,55.05,28.16,431,19,Online,NL,2,0,0.0,137,0
T6002222,97.97,35.13,2048,8,POS,BE,23,0,0.0,197,0
T6002223,36.18,7.71,976,22,POS,BE,18,0,0.0,11,0
T6002224,25.7,37.84,369,17,Online,BE,9,0,0.0,178,0
T6002225,15.91,35.69,1769,20,Online,BE,11,0,0.0,199,0
T6002226,41.63,39.38,1397,9,POS,NL,9,0,0.0,172,0
T6002227,105.05,27.03,1843,7,Mobile,FR,11,0,0.0,169,0
T6002228,68.63,68.13,2087,15,Online,NL,8,0,0.0,22,0
T6002229,21.81,36.47,1722,3,Online,DE,16,0,0.0,79,0
T6002230,19.58,23.71,2064,8,Mobile,BE,5,0,0.0,82,0
T6002231,84.34,51.68,1441,3,Mobile,DE,13,0,0.0,197,0
T6002232,95.71,17.93,149,0,Online,FR,4,0,0.0,203,0
T6002233,19.76,12.62,654,12,Mobile,DE,10,0,0.0,58,0
T6002234,34.54,19.17,1542,8,online,BE,4,0,0.0,100,0
T6002235,23.61,22.53,1144,15,online,NL,7,0,0.0,82,0
T6002236,67.49,33.86,797,4,Online,NL,9,1,62.46,76,0
T6002237,43.11,44.92,2068,9,Mobile,DE,8,0,0.0,55,0
T6002238,45.51,81.13,199,8,POS,BE,18,0,0.0,163,0
T6002239,18.03,22.73,650,7,Online,FR,7,0,0.0,121,0
T6002240,28.32,38.29,339,2,online,DE,7,0,0.0,62,0
T6002241,43.46,35.03,2170,17,online,NL,13,0,0.0,36,0
T6002242,62.31,24.15,466,1,online,NL,13,0,0.0,205,0
T6002243,9.6,31.36,1996,0,Mobile,BE,8,0,0.0,105,0
T6002244,56.32,25.62,1764,11,Mobile,BE,22,0,0.0,9,0
T6002245,99.39,35.49,1816,13,online,FR,18,0,0.0,77,0
T6002246,17.82,20.23,212,13,Online,NL,23,0,0.0,15,8.91
T6002247,82.23,60.43,546,8,Online,NL,7,0,0.0,144,0
T6002248,216.37,46.92,1144,19,Online,BE,4,0,0.0,148,0
T6002249,87.2,20.26,902,2,Mobile,BE,20,0,0.0,152,0
T6002250,20.5,56.27,1652,5,POS,DE,10,0,0.0,153,0
T6002251,169.21,53.07,109,2,Online,NL,6,0,0.0,189,0
T6002252,36.04,32.23,1711,17,online,BE,14,0,0.0,135,0
T6002253,4.33,21.22,855,11,POS,FR,3,0,0.0,122,0
T6002254,30.96,33.12,1016,17,Online,FR,0,0,0.0,54,0
T6002255,68.69,45.26,1973,18,Online,BE,14,0,0.0,146,0
T6002256,11.64,17.39,1295,13,POS,DE,2,0,0.0,92,0
T6002257,85.03,14.1,680,17,Online,DE,22,0,0.0,133,0
T6002258,153.37,10.07,607,2,POS,DE,13,0,0.0,208,0
T6002259,5.77,22.38,1395,7,POS,FR,2,0,0.0,159,0
T6002260,35.14,81.41,1247,16,Mobile,DE,15,0,0.0,58,0
T6002261,49.75,28.52,1943,15,POS,DE,23,0,0.0,129,0
T6002262,37.06,25.95,706,14,Online,NL,20,0,0.0,121,0
T6002263,21.83,25.05,1387,10,online,FR,4,0,0.0,12,0
T6002264,129.76,25.68,1032,8,Online,BE,18,0,0.0,107,0
T6002265,59.65,17.61,1341,18,POS,NL,16,0,0.0,118,0
T6002266,15.97,46.57,1535,8,Mobile,NL,18,0,0.0,196,0
T6002267,23.45,23.28,774,2,POS,NL,16,0,0.0,94,0
T6002268,6.24,54.89,763,23,Mobile,NL,14,0,0.0,185,0
T6002269,174.89,17.27,840,4,online,FR,9,0,0.0,86,0
T6002270,94.22,58.63,2161,19,POS,NL,18,0,0.0,32,0
T6002271,96.68,8.49,976,1,online,FR,18,0,0.0,7,0
T6002272,271.61,27.11,471,13,Online,FR,3,0,0.0,136,135.81
T6002273,315.49,36.25,2006,5,POS,DE,20,0,0.0,3,0
T6002274,74.59,79.39,310,6,Online,FR,9,0,0.0,131,0
T6002275,95.88,18.84,2200,17,POS,NL,13,0,0.0,121,0
T6002276,32.29,50.38,1055,17,Online,BE,13,0,0.0,53,16.14
T6002277,30.46,44.14,966,7,online,DE,12,0,0.0,10,0
T6002278,88.54,10.58,1812,16,Mobile,FR,10,0,0.0,181,0
T6002279,13.05,59.41,1587,7,Online,DE,7,0,0.0,95,0
T6002280,59.22,36.81,1201,18,online,DE,6,0,0.0,77,0
T6002281,67.7,10.99,847,8,POS,BE,20,0,0.0,12,0
T6002282,60.3,31.76,1368,5,online,BE,12,0,0.0,107,0
T6002283,165.63,19.78,53,14,POS,NL,21,0,0.0,103,0
T6002284,89.02,21.1,718,21,Online,NL,9,0,0.0,137,0
T6002285,19.85,49.19,183,22,online,BE,9,0,0.0,14,0
T6002286,28.3,39.85,1393,1,Online,NL,18,0,0.0,132,0
T6002287,34.97,22.9,1637,18,Mobile,DE,4,0,0.0,6,17.48
T6002288,13.12,10.12,1935,7,Online,DE,4,0,0.0,196,0
T6002289,7.97,47.15,90,11,Mobile,FR,7,0,0.0,201,0
T6002290,112.79,101.8,465,11,POS,FR,6,0,0.0,146,0
T6002291,87.06,13.7,1578,6,Mobile,BE,16,0,0.0,183,43.53
T6002292,133.77,52.42,660,1,Mobile,FR,3,0,0.0,50,0
T6002293,65.08,22.33,1543,13,Online,DE,11,0,0.0,166,0
T6002294,12.59,26.87,1008,4,Online,DE,5,0,0.0,170,0
T6002295,60.22,13.52,1523,15,Mobile,NL,12,0,0.0,110,0
T6002296,66.72,29.72,100,21,POS,NL,17,0,0.0,197,33.36
T6002297,45.62,30.17,540,2,POS,NL,3,0,0.0,142,0
T6002298,22.97,41.79,277,10,Online,NL,7,0,0.0,115,0
T6002299,47.34,50.11,1069,0,Mobile,NL,21,0,0.0,108,0
T6002300,33.43,34.9,1384,8,Mobile,NL,11,0,0.0,7,0
T6002301,39.67,75.57,13,6,Mobile,BE,20,0,0.0,61,0
T6002302,30.27,31.83,549,15,online,BE,10,0,0.0,207,0
T6002303,111.32,46.46,288,0,Online,DE,12,0,0.0,79,0
T6002304,247.52,53.06,1842,13,POS,NL,9,0,0.0,109,0
T6002305,400.02,21.88,1063,5,online,NL,22,0,0.0,87,0
T6002306,225.15,23.86,1602,13,Mobile,FR,12,0,0.0,205,0
T6002307,104.92,35.52,1292,21,POS,FR,5,0,0.0,210,0
T6002308,114.95,14.83,478,22,Mobile,DE,12,0,0.0,151,0
T6002309,21.8,42.13,2155,4,Online,DE,9,0,0.0,113,0
T6002310,107.17,52.61,1367,15,Mobile,FR,17,0,0.0,27,0
T6002311,80.35,66.3,1978,6,POS,FR,18,0,0.0,206,40.17
T6002312,20.33,43.78,954,15,POS,FR,1,0,0.0,96,0
T6002313,,100.44,1883,7,Online,DE,20,0,0.0,102,0
T6002314,28.84,40.22,1169,3,online,FR,7,0,0.0,208,0
T6002315,71.66,54.85,1816,15,POS,DE,20,0,0.0,149,0
T6002316,26.3,40.03,1469,6,Online,FR,4,0,0.0,190,0
T6002317,86.54,26.22,88,14,online,NL,15,0,0.0,194,0
T6002318,54.75,27.76,2091,21,POS,DE,11,0,0.0,74,0
T6002319,344.36,57.64,1447,8,Online,BE,8,0,0.0,199,172.18
T6002320,34.14,15.54,1879,12,POS,DE,21,0,0.0,175,0
T6002321,104.12,38.21,405,6,Online,DE,7,1,74.45,171,0
T6002322,109.71,18.71,426,7,online,DE,19,0,0.0,7,0
T6002323,27.93,59.2,1986,13,POS,DE,16,0,0.0,123,0
T6002324,108.75,30.02,1827,2,POS,BE,4,0,0.0,120,0
T6002325,21.36,35.55,995,12,POS,NL,7,0,0.0,129,10.68
T6002326,79.23,35.43,1691,16,Online,DE,0,0,0.0,126,0
T6002327,56.25,72.03,693,6,Mobile,NL,10,0,0.0,162,0
T6002328,38.99,26.51,668,3,online,BE,17,0,0.0,46,0
T6002329,21.67,34.25,1456,0,POS,FR,11,0,0.0,43,0
T6002330,166.93,26.17,587,9,Mobile,NL,18,0,0.0,86,0
T6002331,70.53,58.48,150,15,POS,NL,9,0,0.0,20,35.27
T6002332,29.13,19.73,1477,2,Online,DE,2,1,24.61,20,0
T6002333,33.82,28.48,1357,23,POS,NL,11,0,0.0,67,0
T6002334,23.81,26.16,373,9,online,BE,16,0,0.0,73,0
T6002335,158.14,44.92,1107,4,Online,BE,16,0,0.0,208,0
T6002336,22.57,51.94,454,12,Online,NL,18,0,0.0,19,0
T6002337,28.17,61.73,1438,22,Online,BE,9,0,0.0,98,0
T6002338,18.79,27.54,985,1,Online,BE,14,0,0.0,161,0
T6002339,45.61,37.2,260,23,Mobile,DE,9,0,0.0,196,0
T6002340,27.42,73.09,1692,10,Online,BE,4,0,0.0,158,0
T6002341,28.05,33.93,132,17,Mobile,NL,14,0,0.0,169,0
T6002342,79.38,74.14,988,19,POS,FR,4,0,0.0,3,0
T6002343,49.16,19.44,872,15,Mobile,FR,22,0,0.0,206,0
T6002344,55.34,105.17,1385,10,POS,NL,11,0,0.0,158,0
T6002345,18.56,36.42,1236,18,Online,BE,14,0,0.0,111,0
T6002346,108.74,32.51,416,5,Online,DE,13,0,0.0,142,0
T6002347,11.37,33.97,475,9,Online,NL,20,0,0.0,149,0
T6002348,15.37,21.53,449,11,online,NL,9,0,0.0,5,0
T6002349,27.19,16.42,1961,1,Online,BE,7,0,0.0,37,0
T6002350,32.19,22.62,1864,22,online,FR,23,0,0.0,20,0
T6002351,22.16,74.32,1832,2,Mobile,BE,22,0,0.0,148,0
T6002352,19.5,23.81,2134,3,online,BE,18,0,0.0,118,0
T6002353,134.91,45.69,509,20,online,DE,4,1,107.6,76,0
T6002354,302.22,52.61,43,17,Mobile,NL,1,0,0.0,102,0
T6002355,68.41,22.55,2065,20,POS,BE,9,0,0.0,39,0
T6002356,25.72,67.16,1267,3,Mobile,BE,0,0,0.0,102,0
T6002357,15.16,33.37,199,2,POS,DE,10,0,0.0,31,0
T6002358,98.81,13.76,492,2,POS,NL,7,0,0.0,98,0
T6002359,43.74,23.94,1385,19,Online,NL,19,0,0.0,88,0
T6002360,280.71,53.6,114,3,POS,DE,3,0,0.0,87,140.35
T6002361,24.52,30.55,1173,19,online,NL,3,0,0.0,36,12.26
T6002362,92.74,27.43,884,10,Mobile,NL,18,0,0.0,153,0
T6002363,41.02,106.2,88,19,Mobile,FR,9,0,0.0,156,20.51
T6002364,24.86,15.45,683,14,Online,DE,16,0,0.0,73,0
T6002365,67.55,33.61,1899,14,Online,NL,7,0,0.0,79,0
T6002366,26.53,41.61,1624,0,Mobile,DE,14,0,0.0,172,0
T6002367,62.99,71.02,5,9,POS,NL,16,0,0.0,53,0
T6002368,92.22,23.87,1907,9,Online,FR,13,0,0.0,129,0
T6002369,37.96,24.1,1453,5,Online,BE,7,0,0.0,156,0
T6002370,9.85,24.23,1841,21,online,NL,12,0,0.0,144,0
T6002371,72.55,28.47,559,18,POS,NL,18,0,0.0,134,0
T6002372,45.36,26.68,879,4,POS,DE,18,0,0.0,85,22.68
T6002373,45.28,25.96,69,10,Mobile,BE,23,0,0.0,204,0
T6002374,8.16,35.82,2028,0,Mobile,DE,15,1,7.24,39,0
T6002375,27.66,66.71,1669,23,POS,FR,1,0,0.0,158,0
T6002376,37.22,64.62,744,8,Mobile,BE,5,0,0.0,1,0
T6002377,29.04,19.55,1151,11,POS,NL,3,0,0.0,159,0
T6002378,27.51,20.47,1369,5,Online,BE,4,0,0.0,74,0
T6002379,348.79,55.33,1116,18,POS,FR,14,0,0.0,15,0
T6002380,39.5,39.26,17,15,online,NL,6,0,0.0,69,0
T6002381,135.29,23.26,1894,13,online,NL,15,0,0.0,94,67.64
T6002382,49.7,37.94,1637,13,Online,NL,16,0,0.0,155,0
T6002383,62.74,30.89,518,1,Online,BE,16,0,0.0,43,0
T6002384,27.58,17.53,678,7,online,BE,11,0,0.0,2,0
T6002385,31.58,31.93,595,6,online,DE,14,0,0.0,59,0
T6002386,9.01,86.55,1184,9,POS,BE,22,0,0.0,10,0
T6002387,35.43,10.05,243,17,POS,FR,1,0,0.0,121,0
T6002388,72.74,52.11,1081,23,Mobile,BE,10,0,0.0,135,0
T6002389,7.66,17.39,980,22,online,DE,16,0,0.0,2,0
T6002390,93.33,50.66,1503,6,Mobile,BE,3,0,0.0,18,0
T6002391,21.97,32.5,2118,3,online,NL,20,0,0.0,140,0
T6002392,10.65,25.43,462,1,POS,FR,17,0,0.0,46,5.33
T6002393,22.31,12.94,245,18,POS,BE,9,0,0.0,44,0
T6002394,19.0,41.7,838,23,Online,DE,20,0,0.0,98,0
T6002395,32.92,31.31,1342,17,online,FR,17,0,0.0,41,0
T6002396,12.25,44.94,2037,17,online,FR,9,0,0.0,198,0
T6002397,23.98,35.95,288,8,online,BE,11,0,0.0,52,11.99
T6002398,174.43,55.55,2029,11,online,FR,5,0,0.0,110,0
T6002399,58.18,31.2,445,21,Mobile,DE,7,0,0.0,77,0
T6002400,217.83,20.93,537,17,Online,DE,2,0,0.0,60,0
T6002401,62.79,48.58,1500,7,Mobile,FR,17,0,0.0,64,0
T6002402,21.21,35.27,1197,16,online,NL,8,0,0.0,127,0
T6002403,75.7,40.29,1751,15,POS,BE,19,0,0.0,206,0
T6002404,67.37,40.13,730,3,Mobile,NL,16,0,0.0,150,33.69
T6002405,35.61,32.14,25,1,Mobile,DE,4,0,0.0,31,0
T6002406,21.99,44.02,569,7,online,NL,15,0,0.0,37,0
T6002407,108.44,30.87,455,14,Mobile,DE,17,0,0.0,181,0
T6002408,105.96,20.47,676,6,Mobile,DE,19,0,0.0,144,0
T6002409,65.92,30.74,1444,10,POS,FR,4,0,0.0,116,0
T6002410,21.81,25.37,1152,14,Online,BE,10,0,0.0,82,0
T6002411,44.13,8.5,1556,15,POS,NL,3,0,0.0,71,0
T6002412,139.55,29.95,1715,0,POS,DE,23,0,0.0,194,0
T6002413,129.14,30.36,628,19,Mobile,NL,19,0,0.0,87,0
T6002414,149.07,20.77,1667,3,POS,FR,14,0,0.0,135,0
T6002415,95.17,14.86,134,19,Online,DE,0,0,0.0,196,47.59
T6002416,7.78,30.32,1775,12,online,NL,20,0,0.0,108,0
T6002417,24.09,33.39,255,0,Online,NL,20,0,0.0,210,0
T6002418,177.44,61.73,2193,2,ONLINE,DE,2,0,0.0,1,0
T6002419,114.22,156.36,1097,15,online,FR,16,0,0.0,32,0
T6002420,44.67,13.37,601,18,online,DE,3,0,0.0,37,0
T6002421,16.27,71.09,938,9,Mobile,DE,8,0,0.0,32,0
T6002422,84.5,31.51,95,21,Mobile,BE,6,0,0.0,40,0
T6002423,29.66,23.45,1999,22,Online,NL,3,0,0.0,111,0
T6002424,36.36,40.34,57,3,Online,BE,5,0,0.0,43,0
T6002425,15.24,40.19,996,0,online,DE,2,0,0.0,171,0
T6002426,34.85,20.36,1560,11,online,DE,4,0,0.0,130,17.43
T6002427,72.88,32.79,777,7,POS,BE,22,0,0.0,105,0
T6002428,346.32,36.08,696,22,Online,BE,10,0,0.0,17,0
T6002429,19.96,15.87,1660,13,Mobile,FR,8,0,0.0,80,0
T6002430,53.13,46.46,215,21,Mobile,FR,17,0,0.0,139,26.57
T6002431,321.69,29.27,2151,9,Mobile,BE,22,0,0.0,129,0
T6002432,24.43,53.16,295,12,Online,BE,12,0,0.0,22,0
T6002433,56.11,71.53,2172,15,Online,NL,12,0,0.0,58,0
T6002434,8.69,23.18,1837,18,online,FR,2,0,0.0,120,0
T6002435,27.59,12.1,1031,19,Online,BE,8,0,0.0,143,0
T6002436,28.04,89.83,2058,18,Mobile,BE,3,0,0.0,136,0
T6002437,79.06,22.65,872,14,Online,BE,12,0,0.0,79,0
T6002438,30.25,20.12,115,18,Mobile,DE,10,0,0.0,159,0
T6002439,116.02,18.11,208,23,Online,BE,14,0,0.0,58,0
T6002440,114.57,61.0,527,4,POS,BE,4,0,0.0,176,57.28
T6002441,112.96,35.1,997,13,online,DE,6,0,0.0,155,0
T6002442,45.5,43.81,483,16,Online,BE,13,0,0.0,112,0
T6002443,174.27,34.19,1281,22,Mobile,NL,16,0,0.0,178,0
T6002444,15.05,28.76,1523,6,Mobile,NL,22,0,0.0,36,0
T6002445,36.48,26.31,262,12,Online,BE,16,0,0.0,158,0
T6002446,41.01,48.74,1891,3,Mobile,NL,19,0,0.0,4,0
T6002447,78.97,27.54,1333,4,POS,DE,8,0,0.0,201,0
T6002448,33.97,16.88,2167,3,POS,FR,7,0,0.0,52,0
T6002449,159.5,171.04,1020,2,Online,NL,19,0,0.0,91,79.75
T6002450,46.63,37.55,1577,12,POS,DE,17,0,0.0,141,0
T6002451,25.19,32.26,1489,22,Mobile,FR,6,0,0.0,160,0
T6002452,80.43,26.35,587,20,POS,FR,7,0,0.0,39,0
T6002453,117.22,16.26,1751,5,Mobile,DE,4,0,0.0,15,0
T6002454,26.28,67.04,1264,5,POS,NL,4,0,0.0,52,0
T6002455,15.32,30.18,1681,20,online,FR,9,0,0.0,11,0
T6002456,202.22,34.37,698,5,Online,FR,2,0,0.0,36,0
T6002457,132.99,23.01,1226,23,POS,NL,8,0,0.0,78,0
T6002458,17.85,18.2,189,10,POS,DE,21,0,0.0,182,0
T6002459,25.67,24.21,86,8,Online,DE,9,0,0.0,121,0
T6002460,27.15,72.87,1363,11,Mobile,BE,4,0,0.0,204,0
T6002461,17.53,42.85,481,8,Mobile,BE,17,0,0.0,43,0
T6002462,60.37,30.86,871,11,online,DE,20,0,0.0,180,0
T6002463,46.48,41.54,1378,18,POS,NL,3,0,0.0,200,0
T6002464,31.52,12.0,1500,18,POS,FR,9,0,0.0,155,0
T6002465,31.99,67.28,370,15,Online,BE,6,0,0.0,178,0
T6002466,139.33,13.75,282,11,Mobile,NL,9,0,0.0,135,0
T6002467,20.46,46.06,1556,18,online,DE,15,0,0.0,180,10.23
T6002468,47.51,67.92,505,16,Online,NL,5,0,0.0,128,23.75
T6002469,30.02,44.57,271,14,POS,NL,9,0,0.0,131,0
T6002470,156.95,30.33,262,5,Mobile,NL,8,0,0.0,60,0
T6002471,118.4,58.91,1112,12,POS,NL,17,0,0.0,11,0
T6002472,42.61,30.41,755,11,online,BE,1,0,0.0,4,0
T6002473,76.51,56.91,2053,19,Mobile,BE,21,0,0.0,172,0
T6002474,84.23,20.74,2023,13,Mobile,NL,17,0,0.0,148,0
T6002475,55.79,17.19,430,23,online,FR,7,0,0.0,57,0
T6002476,7.64,43.55,1707,12,Mobile,DE,17,0,0.0,76,0
T6002477,41.28,81.86,1769,9,online,DE,18,0,0.0,124,0
T6002478,21.97,26.0,1281,18,Mobile,FR,13,0,0.0,82,10.98
T6002479,23.55,66.18,1094,14,POS,NL,13,0,0.0,127,0
T6002480,86.97,38.14,76,11,online,DE,2,0,0.0,194,0
T6002481,31.75,12.33,868,11,Mobile,FR,6,0,0.0,64,0
T6002482,29.77,44.59,1434,0,online,FR,21,0,0.0,172,14.88
T6002483,26.28,45.14,1205,6,Online,DE,14,0,0.0,149,0
T6002484,115.06,27.49,942,11,Online,NL,22,0,0.0,137,0
T6002485,22.1,162.0,1772,18,POS,FR,2,0,0.0,108,11.05
T6002486,21.37,36.13,1086,20,POS,BE,8,0,0.0,8,0
T6002487,9.75,30.01,333,15,online,BE,14,0,0.0,172,0
T6002488,31.33,16.21,2101,6,online,FR,16,0,0.0,89,0
T6002489,24.0,33.4,822,4,Mobile,FR,23,0,0.0,157,0
T6002490,25.84,35.01,1885,12,online,FR,7,0,0.0,44,0
T6002491,43.66,22.87,2197,19,online,NL,8,0,0.0,21,0
T6002492,96.67,26.98,1416,1,Mobile,BE,3,0,0.0,156,0
T6002493,46.75,11.57,838,23,POS,FR,4,0,0.0,39,0
T6002494,69.25,21.98,459,2,POS,DE,19,0,0.0,124,0
T6002495,96.14,70.63,1107,14,Online,NL,6,0,0.0,26,0
T6002496,16.26,56.71,655,7,online,NL,7,0,0.0,172,0
T6002497,73.24,28.64,1883,21,POS,BE,23,0,0.0,31,36.62
T6002498,21.3,53.08,867,5,POS,BE,9,0,0.0,43,0
T6002499,16.17,62.79,1916,21,Online,DE,18,0,0.0,137,0
T6002500,66.43,87.51,829,17,POS,NL,1,0,0.0,129,0
T6002501,8.38,52.98,207,11,online,FR,10,0,0.0,133,0
T6002502,19.73,40.77,2127,12,Mobile,DE,9,0,0.0,36,0
T6002503,15.5,20.5,1480,6,Online,BE,9,0,0.0,14,0
T6002504,65.13,22.83,308,16,online,BE,21,0,0.0,80,0
T6002505,6.92,17.83,365,8,POS,DE,3,0,0.0,16,0
T6002506,49.32,65.26,101,5,Online,DE,1,0,0.0,42,0
T6002507,66.44,44.11,1412,21,POS,BE,23,0,0.0,172,0
T6002508,48.02,34.22,656,20,Mobile,NL,21,0,0.0,206,0
T6002509,13.7,23.4,1009,0,Mobile,BE,7,0,0.0,143,0
T6002510,58.4,14.55,1290,20,Online,FR,22,0,0.0,74,0
T6002511,29.65,15.34,778,10,Online,BE,19,0,0.0,119,0
T6002512,66.35,20.31,570,10,Online,BE,11,0,0.0,176,0
T6002513,62.23,32.81,6,2,Mobile,BE,20,1,60.3,24,0
T6002514,24.53,26.19,422,5,POS,NL,8,0,0.0,83,0
T6002515,61.45,13.37,208,23,POS,NL,16,0,0.0,15,30.73
T6002516,56.47,28.04,1028,8,online,DE,12,0,0.0,185,0
T6002517,32.28,53.6,1783,9,Online,FR,18,0,0.0,46,0
T6002518,74.83,58.7,217,6,online,BE,3,0,0.0,59,0
T6002519,100.75,27.1,93,5,online,NL,6,0,0.0,131,0
T6002520,334.98,42.73,1628,13,POS,DE,4,0,0.0,69,0
T6002521,10.12,38.2,2074,19,online,BE,3,0,0.0,122,0
T6002522,119.34,32.69,1561,22,Online,FR,11,0,0.0,21,0
T6002523,29.43,16.94,1202,9,Online,FR,9,0,0.0,72,0
T6002524,17.28,48.0,745,0,online,NL,18,0,0.0,132,0
T6002525,98.28,30.31,1033,11,Mobile,DE,3,0,0.0,36,49.14
T6002526,42.94,11.69,1128,18,Online,NL,8,0,0.0,136,0
T6002527,64.42,18.45,2012,17,POS,DE,4,0,0.0,32,0
T6002528,25.03,13.04,1284,5,online,FR,9,0,0.0,74,0
T6002529,61.47,10.44,560,7,online,DE,6,0,0.0,200,0
T6002530,168.85,89.54,297,10,online,BE,19,0,0.0,209,0
T6002531,222.48,48.03,55,3,POS,BE,21,0,0.0,141,0
T6002532,22.64,25.32,1538,19,Mobile,BE,12,0,0.0,96,11.32
T6002533,83.24,169.72,1798,1,online,NL,3,0,0.0,188,0
T6002534,37.02,109.13,1825,9,online,DE,9,0,0.0,99,0
T6002535,54.66,25.67,1695,4,online,DE,0,0,0.0,42,0
T6002536,19.97,62.62,1990,3,Online,FR,16,0,0.0,41,0
T6002537,40.77,104.55,1694,22,POS,NL,23,0,0.0,150,0
T6002538,83.84,102.06,600,4,POS,FR,19,0,0.0,160,0
T6002539,22.02,30.03,627,1,Online,NL,21,0,0.0,173,0
T6002540,22.28,48.56,1124,20,POS,NL,1,0,0.0,168,0
T6002541,44.67,34.2,1222,1,POS,NL,12,0,0.0,210,0
T6002542,36.8,29.12,2036,19,POS,BE,0,0,0.0,50,0
T6002543,17.8,45.23,2200,1,Online,FR,6,0,0.0,159,0
T6002544,85.59,18.43,2020,10,Online,DE,16,0,0.0,23,0
T6002545,143.14,31.61,973,2,POS,FR,8,0,0.0,207,0
T6002546,37.35,43.19,1863,21,Mobile,DE,20,0,0.0,25,0
T6002547,191.23,18.38,2177,16,Mobile,DE,7,0,0.0,22,0
T6002548,74.16,33.75,407,23,online,DE,19,0,0.0,16,0
T6002549,55.09,16.33,642,10,Mobile,DE,5,0,0.0,132,0
T6002550,113.06,23.82,1594,15,online,FR,11,0,0.0,46,0
T6002551,93.7,21.23,451,6,Mobile,BE,7,0,0.0,32,0
T6002552,70.99,36.28,257,10,Online,FR,17,0,0.0,175,0
T6002553,138.19,30.86,966,22,POS,DE,0,0,0.0,21,0
T6002554,81.15,45.54,677,6,Mobile,FR,11,0,0.0,153,0
T6002555,43.25,26.67,1322,3,POS,NL,18,0,0.0,137,0
T6002556,25.96,18.43,1746,9,online,FR,15,0,0.0,38,0
T6002557,49.24,11.87,798,18,Online,DE,11,0,0.0,107,0
T6002558,25.26,21.01,2116,8,POS,NL,23,0,0.0,48,0
T6002559,68.16,51.88,1405,1,Mobile,FR,8,0,0.0,82,0
T6002560,20.2,30.03,1734,23,Mobile,BE,11,0,0.0,136,0
T6002561,67.76,112.11,2136,16,Online,NL,5,0,0.0,1,0
T6002562,110.28,25.38,558,23,Mobile,NL,0,0,0.0,119,0
T6002563,37.96,13.08,874,20,Mobile,DE,16,0,0.0,193,0
T6002564,17.61,23.41,1242,12,online,DE,22,0,0.0,86,0
T6002565,80.1,50.28,847,1,Online,DE,20,0,0.0,23,0
T6002566,47.76,27.52,1109,12,Online,BE,8,0,0.0,79,0
T6002567,49.72,40.31,1120,5,Mobile,FR,2,0,0.0,106,0
T6002568,69.59,35.63,1846,15,Mobile,DE,20,0,0.0,140,0
T6002569,31.34,26.4,1024,18,online,BE,22,0,0.0,144,0
T6002570,,22.29,1618,2,Mobile,DE,6,0,0.0,159,0
T6002571,22.78,19.55,797,5,Mobile,DE,19,0,0.0,11,0
T6002572,44.06,49.44,526,17,Mobile,DE,10,0,0.0,88,0
T6002573,42.9,59.72,191,7,POS,FR,3,0,0.0,124,0
T6002574,65.66,30.0,873,12,POS,DE,3,0,0.0,209,0
T6002575,37.21,37.12,2120,17,Mobile,BE,17,0,0.0,137,0
T6002576,150.57,32.09,153,20,Online,DE,8,0,0.0,173,0
T6002577,19.29,39.54,954,15,POS,NL,4,0,0.0,201,0
T6002578,61.99,31.89,394,16,Mobile,DE,7,0,0.0,51,0
T6002579,247.25,26.58,2187,2,Mobile,NL,18,0,0.0,127,0
T6002580,78.38,24.05,2120,5,Online,FR,7,0,0.0,17,39.19
T6002581,30.9,60.8,1172,21,POS,FR,21,0,0.0,69,0
T6002582,32.72,18.42,1741,2,online,BE,16,0,0.0,128,0
T6002583,51.73,28.38,712,10,online,FR,23,0,0.0,114,0
T6002584,51.51,59.71,1599,8,Online,NL,10,0,0.0,26,0
T6002585,110.96,42.7,1693,22,Mobile,FR,16,0,0.0,27,0
T6002586,31.33,43.17,2004,23,online,NL,21,0,0.0,124,0
T6002587,9.21,26.3,258,22,online,DE,8,0,0.0,197,0
T6002588,97.03,55.03,1572,8,Online,FR,6,0,0.0,192,0
T6002589,15.23,26.85,1834,14,online,BE,5,0,0.0,139,0
T6002590,21.56,31.71,81,2,POS,DE,4,0,0.0,164,0
T6002591,15.27,15.36,2163,10,Online,FR,19,0,0.0,197,0
T6002592,87.38,29.35,1830,12,online,BE,21,0,0.0,60,0
T6002593,204.28,46.48,1379,9,online,BE,14,0,0.0,63,0
T6002594,74.16,52.52,625,8,Mobile,FR,10,0,0.0,71,0
T6002595,10.75,67.99,344,12,online,FR,7,0,0.0,75,0
T6002596,32.72,102.66,2065,18,online,FR,20,0,0.0,159,16.36
T6002597,15.36,82.63,1851,18,Online,BE,23,0,0.0,35,0
T6002598,46.0,54.97,785,17,Online,DE,10,0,0.0,52,0
T6002599,33.85,13.96,457,6,Mobile,DE,16,0,0.0,86,0
